intake_age,days_in_shelter,simplified_color_one_color,simplified_color_tabby,simplified_sex_male,simplified_condition_ill,simplified_condition_other,simplified_type_owner_surrender,simplified_type_stray,simplified_breed_other,simplified_size_other,simplified_size_small
0,81,0,1,0,0,1,0,1,0,0,0
0,32,0,1,0,0,0,1,0,0,0,0
0,94,0,1,0,0,0,0,1,0,0,1
0,80,0,1,1,0,1,0,1,0,0,0
0,70,0,1,0,0,1,0,1,0,0,0
0,56,1,0,1,0,1,0,1,0,0,0
0,0,1,0,0,0,0,0,1,0,0,1
0,31,1,0,1,0,0,1,0,0,0,0
0,43,0,0,1,1,0,0,1,0,0,0
0,18,0,0,1,0,0,1,0,1,0,0
0,60,1,0,1,0,1,0,1,0,0,0
0,18,0,1,0,0,0,0,1,0,0,0
1,44,0,1,1,0,0,0,1,0,0,1
0,23,0,1,1,0,0,0,1,0,0,0
0,45,1,0,0,0,0,0,1,0,0,0
2,55,1,0,1,0,0,0,1,0,0,1
0,34,1,0,1,0,0,0,1,0,0,0
0,20,1,0,1,0,0,0,1,0,0,1
0,28,0,1,0,0,0,0,1,0,0,0
0,28,0,1,0,0,0,0,1,0,0,0
1,55,0,1,1,0,0,0,1,0,0,1
0,46,0,1,1,0,0,0,1,0,0,1
0,12,0,1,1,0,0,0,1,0,0,0
0,28,0,1,1,0,0,0,1,0,0,0
0,34,0,0,1,0,0,0,1,0,0,0
0,98,0,0,0,0,1,0,1,0,0,0
0,43,0,0,1,1,0,0,1,0,0,1
0,41,1,0,0,1,0,0,1,0,0,0
0,9,0,0,0,0,0,1,0,0,0,0
0,9,0,0,0,0,0,1,0,0,0,0
0,33,1,0,0,0,0,0,1,0,0,0
0,1,0,0,1,0,0,0,0,0,0,0
0,27,0,0,0,0,0,0,1,0,0,1
0,101,0,0,1,0,1,0,1,0,0,0
0,31,1,0,0,0,0,1,0,0,0,1
0,23,1,0,1,0,0,0,1,0,0,0
0,20,0,0,0,0,0,0,1,0,0,0
4,10,0,0,0,0,0,1,0,0,0,1
0,45,0,1,1,0,0,0,1,0,0,0
7,71,0,1,0,0,0,0,1,0,0,1
0,45,0,1,0,0,0,0,1,0,0,0
0,22,0,0,1,0,0,0,1,0,0,1
0,36,0,1,1,0,0,0,1,0,0,0
0,32,0,0,0,0,0,1,0,0,0,1
0,29,1,0,0,0,0,0,1,0,0,1
0,12,0,0,0,1,0,0,1,0,0,0
1,27,0,0,0,0,0,0,0,0,0,1
0,12,1,0,1,1,0,0,1,0,0,0
0,67,0,0,0,0,0,0,1,0,0,0
2,6,0,1,0,0,1,0,0,0,0,1
0,67,0,0,1,0,0,0,1,0,0,0
3,11,1,0,1,0,0,0,0,0,0,1
0,25,0,1,1,0,0,1,0,0,0,0
1,11,0,0,1,1,0,0,1,1,0,1
0,25,0,1,1,0,0,0,1,0,0,0
0,41,0,0,1,0,1,0,1,0,0,0
0,63,1,0,0,0,0,0,1,0,0,0
4,41,0,0,1,0,0,0,1,0,0,1
1,34,0,1,0,0,0,0,1,0,0,1
0,43,1,0,1,0,1,0,1,0,0,0
0,47,0,1,1,0,1,0,1,0,0,0
0,66,1,0,0,0,0,0,1,0,0,0
0,7,0,1,1,0,0,1,0,0,0,0
0,31,0,1,0,0,0,1,0,0,0,0
0,32,0,1,0,0,0,1,0,0,0,0
0,42,0,1,0,0,0,0,1,0,0,0
0,18,0,1,1,0,1,0,1,0,0,1
2,49,0,1,1,0,0,0,1,0,0,1
0,64,0,1,1,0,1,0,1,0,0,0
0,36,0,1,1,0,0,0,1,0,0,0
0,2,0,1,1,0,0,1,0,0,0,0
2,59,0,0,1,0,0,0,1,0,0,1
0,57,0,1,1,0,0,0,1,0,0,0
0,39,1,0,0,0,0,0,1,0,0,0
0,69,0,0,0,0,0,0,1,0,0,0
0,35,1,0,0,0,0,1,0,0,0,0
2,110,0,0,0,0,0,0,1,0,0,1
0,23,0,1,1,0,0,1,0,0,0,1
0,50,1,0,0,0,0,0,1,0,0,1
0,89,0,1,1,1,0,0,1,0,0,0
0,29,0,1,1,0,0,1,0,0,0,1
0,34,0,1,0,0,0,0,1,0,0,0
0,9,0,0,1,0,0,0,1,0,0,1
2,94,0,1,1,0,0,0,1,0,0,1
1,51,0,1,1,0,0,0,1,0,0,1
0,58,0,1,0,0,0,0,1,0,0,1
0,13,0,0,1,1,0,0,0,0,0,1
7,84,0,0,0,1,0,0,0,0,0,1
0,47,0,1,1,0,0,0,1,0,0,0
0,24,0,0,1,0,0,0,1,0,0,1
0,40,1,0,0,0,0,0,1,0,0,0
0,29,0,1,1,0,0,1,0,0,0,0
0,29,0,1,0,0,0,0,1,0,0,0
0,20,0,0,1,0,0,0,1,0,0,1
0,35,0,1,0,0,1,0,1,0,0,0
0,35,0,1,0,0,1,0,1,0,0,0
1,94,1,0,0,0,1,0,1,0,0,1
0,45,0,1,0,0,1,0,1,0,0,0
0,59,0,1,0,0,0,0,1,0,0,0
0,25,0,1,0,0,0,1,0,0,0,0
0,79,1,0,0,0,0,0,1,0,0,0
0,36,0,1,0,0,1,0,1,0,0,0
0,81,0,0,0,0,1,0,1,0,0,0
0,16,0,1,1,0,0,0,1,0,0,1
0,63,0,1,1,1,0,0,1,0,0,0
4,42,0,0,0,0,0,0,1,1,0,1
0,82,1,0,1,0,0,0,1,0,0,0
0,15,0,0,0,0,0,0,1,0,0,1
0,52,0,1,1,1,0,0,1,0,0,0
0,15,0,1,1,0,0,0,1,0,0,0
0,73,0,1,0,0,1,0,1,0,0,0
0,45,0,1,0,0,0,0,1,0,0,1
0,47,1,0,1,0,1,0,1,0,0,0
0,52,0,0,1,0,0,0,1,0,0,0
1,20,0,0,1,0,0,0,1,0,0,1
1,48,1,0,0,0,0,0,0,0,0,1
0,57,1,0,1,1,0,0,1,0,0,0
0,31,0,1,1,0,0,1,0,0,0,0
0,20,0,0,1,0,0,1,0,0,0,0
0,51,0,0,1,0,0,0,1,0,0,0
0,31,0,1,1,0,0,1,0,0,0,0
0,51,1,0,1,0,1,0,1,0,0,1
0,21,0,0,1,0,0,1,0,0,0,0
0,85,1,0,1,0,0,0,1,0,0,0
0,85,1,0,0,0,0,0,1,0,0,0
1,111,1,0,0,0,0,0,1,0,0,1
0,76,0,1,0,0,0,0,1,0,0,0
0,31,0,1,1,0,0,1,0,0,0,0
0,16,1,0,1,0,0,0,1,0,0,0
0,51,1,0,1,0,1,0,1,0,0,0
0,57,0,1,0,0,0,0,1,0,0,0
0,35,0,1,0,0,0,0,1,0,0,0
0,62,1,0,0,0,0,0,1,0,0,0
0,56,0,1,1,0,0,0,1,0,0,0
0,91,0,1,0,0,1,0,1,0,0,0
0,20,0,0,0,0,0,1,0,1,0,0
0,21,0,1,1,0,0,0,1,0,0,1
0,29,0,0,1,0,0,0,1,0,0,1
0,3,0,1,1,0,0,0,1,0,0,0
0,39,0,1,1,0,1,0,1,0,0,0
0,25,1,0,0,0,0,1,0,0,0,0
1,27,1,0,0,0,0,0,1,0,0,1
0,90,1,0,0,0,0,0,1,0,0,0
0,90,1,0,1,0,0,0,1,0,0,0
0,23,1,0,0,0,0,1,0,0,0,1
0,34,0,0,1,0,0,0,1,0,0,0
1,28,0,1,1,1,0,0,1,0,1,0
0,37,1,0,1,0,0,1,0,0,0,0
1,66,0,0,0,0,0,0,1,0,0,1
0,15,0,1,0,0,0,0,1,0,0,0
0,35,0,1,1,0,0,1,0,0,0,0
0,64,0,1,1,0,0,0,0,0,0,1
0,67,0,1,1,0,1,0,1,0,0,0
0,38,1,0,0,0,0,1,0,0,0,0
0,38,0,1,0,0,0,1,0,0,0,0
0,30,0,0,1,0,0,0,1,0,0,1
0,26,1,0,0,0,0,0,1,0,0,0
0,46,0,0,0,0,1,0,1,0,0,0
0,46,0,1,1,0,1,0,1,0,0,0
0,27,0,0,1,0,0,0,1,1,0,1
2,47,0,0,0,0,1,0,1,0,0,1
0,40,0,1,1,0,0,1,0,0,0,0
0,80,1,0,0,0,1,0,1,0,0,0
0,57,1,0,0,0,0,0,1,0,0,1
0,30,0,1,1,0,0,1,0,0,0,0
0,86,0,1,1,0,1,0,1,0,0,0
0,32,0,1,1,0,0,0,1,0,0,1
0,43,0,1,0,0,0,1,0,0,0,0
0,52,0,1,0,0,0,1,0,1,0,1
0,50,0,1,1,0,1,0,1,0,0,0
0,45,0,1,0,0,0,1,0,0,0,0
0,59,1,0,0,0,0,0,1,0,0,0
0,59,1,0,1,0,0,0,1,0,0,0
0,31,1,0,0,0,0,0,1,0,0,1
0,48,1,0,0,0,0,1,0,0,0,0
0,28,0,1,1,0,0,0,1,0,0,0
0,53,0,1,1,0,1,0,1,0,0,0
0,77,0,1,0,0,1,0,1,0,0,0
0,24,0,1,1,0,0,0,1,0,0,1
2,10,0,0,0,0,0,0,0,0,0,1
0,43,0,0,0,0,1,0,1,0,0,1
0,52,0,1,0,0,0,1,0,0,0,1
0,74,0,1,0,0,0,0,1,0,0,0
0,56,0,1,0,0,0,1,0,0,0,1
0,47,0,1,1,0,1,0,1,0,0,0
4,17,0,0,1,1,0,0,1,0,0,1
1,35,1,0,0,0,0,0,1,0,0,1
0,16,0,0,0,0,0,1,0,0,0,0
0,29,0,0,1,0,0,0,1,0,0,0
0,8,0,1,1,0,0,0,1,0,0,0
0,56,1,0,0,1,0,0,1,0,0,0
0,4,0,1,0,0,0,0,1,0,0,0
1,12,0,1,0,0,0,0,1,0,0,1
0,28,1,0,0,0,0,0,0,0,0,0
4,71,0,0,1,0,1,0,0,0,0,1
0,15,0,0,0,0,0,0,1,0,0,0
0,24,0,0,0,0,0,0,1,0,0,0
0,22,0,0,1,0,0,0,1,0,0,0
4,46,0,0,1,0,0,0,1,0,1,0
2,58,0,1,0,1,0,0,1,0,0,1
0,19,0,1,1,0,0,0,1,0,0,1
1,63,0,0,0,1,0,0,1,0,0,1
0,31,1,0,1,0,0,0,1,0,0,1
0,62,0,1,1,1,0,0,1,0,0,0
1,17,1,0,1,0,0,0,1,0,0,1
0,46,0,1,0,0,0,1,0,0,0,0
0,25,0,1,1,1,0,0,1,0,0,0
1,20,0,0,1,0,0,0,1,1,0,1
0,78,0,1,1,1,0,0,0,0,0,0
0,18,0,0,1,0,0,0,1,0,0,1
0,17,1,0,0,1,0,0,1,0,0,0
0,14,1,0,0,0,0,1,0,0,0,0
0,9,0,1,0,0,0,0,1,0,0,0
9,18,0,0,1,1,0,0,1,0,0,1
1,33,0,1,0,0,0,0,1,0,0,1
0,14,0,1,0,0,0,1,0,0,0,0
0,10,0,0,1,0,1,1,0,0,0,1
0,11,0,1,0,0,0,0,1,0,0,1
0,3,0,1,1,0,0,1,0,0,0,1
0,64,1,0,1,1,0,0,1,0,0,0
0,32,0,0,0,1,0,0,1,0,0,0
0,41,0,1,1,0,0,0,1,0,0,0
0,11,0,0,0,0,0,0,1,0,0,1
0,60,0,0,1,1,0,0,1,0,0,0
0,9,1,0,0,0,0,1,0,0,0,0
0,25,0,1,1,0,0,0,1,0,0,0
0,66,0,1,1,1,0,0,1,0,0,0
0,32,0,0,0,0,0,0,1,0,0,0
0,18,0,0,0,0,0,0,1,0,0,0
0,96,0,1,1,1,0,0,1,0,0,0
1,64,0,1,0,1,0,0,1,0,0,1
0,41,0,1,1,0,1,0,1,0,0,1
0,57,0,1,0,1,0,0,1,0,0,0
0,30,0,1,0,0,0,1,0,0,0,0
4,16,0,1,1,0,0,0,1,0,0,1
0,14,0,1,1,0,0,1,0,0,0,0
0,40,0,0,1,0,0,0,1,0,0,0
0,8,1,0,1,0,0,0,1,0,1,0
0,15,0,1,0,0,0,0,1,0,0,0
0,68,1,0,0,1,0,0,1,0,0,0
0,37,1,0,1,0,0,0,1,0,1,0
0,64,0,1,1,1,0,0,1,0,0,0
0,24,0,0,1,0,0,0,1,0,0,0
0,82,1,0,0,0,0,0,1,0,0,0
10,12,0,1,1,1,0,1,0,0,0,1
1,12,0,0,1,0,0,0,1,0,0,1
0,36,1,0,1,0,0,0,1,0,0,0
0,57,1,0,1,0,0,1,0,0,0,0
0,17,0,0,1,0,0,0,1,1,0,0
0,11,0,0,0,0,0,0,1,1,0,1
0,9,0,0,1,0,0,0,1,0,0,0
9,16,0,0,1,1,0,1,0,0,0,1
3,43,1,0,0,0,1,0,1,0,0,1
1,47,0,1,0,0,0,0,0,0,0,1
0,36,0,1,0,0,0,0,1,0,0,0
0,14,0,0,0,0,0,0,1,0,0,0
0,6,1,0,1,0,1,1,0,0,0,0
0,2,0,0,1,0,0,0,0,0,0,0
0,49,1,0,0,0,0,0,1,0,0,0
0,49,0,0,1,1,0,0,1,1,0,0
0,22,1,0,1,0,0,1,0,0,0,0
0,52,0,1,1,1,0,0,0,0,0,0
0,21,1,0,0,0,0,1,0,0,0,1
0,64,0,1,0,1,0,0,1,0,0,0
0,30,1,0,0,0,0,0,1,0,0,1
0,53,0,1,0,1,0,0,1,0,0,0
0,9,0,1,0,0,0,0,1,0,0,0
0,4,1,0,0,0,0,1,0,0,0,0
0,16,0,1,0,0,0,0,1,0,0,0
0,3,0,1,0,0,0,1,0,0,0,0
7,21,0,0,0,0,0,0,0,0,0,1
0,5,1,0,1,0,0,1,0,0,0,0
0,11,0,0,1,0,0,0,1,0,0,1
0,43,0,1,1,1,0,0,1,0,0,0
0,28,0,0,1,0,0,0,1,0,0,0
5,91,0,0,0,0,0,1,0,0,0,1
2,24,1,0,1,0,0,0,1,0,0,1
0,9,0,0,1,0,0,1,0,0,0,0
2,5,0,0,1,0,0,0,0,0,0,1
0,19,0,1,0,0,1,0,1,0,0,1
0,22,0,1,0,0,0,1,0,0,0,0
0,21,0,0,0,0,0,0,1,0,0,1
0,3,1,0,0,0,0,1,0,0,0,1
0,55,0,1,1,1,0,0,0,0,0,0
10,36,1,0,0,0,0,1,0,0,0,1
1,32,0,1,1,0,0,1,0,0,0,1
0,2,0,1,0,0,0,0,1,0,0,0
0,46,0,1,1,1,0,0,1,0,0,0
0,14,0,0,0,0,0,0,1,0,0,0
0,79,1,0,1,1,0,0,0,0,0,1
0,13,0,1,1,0,0,0,1,0,0,0
0,12,0,1,1,0,0,0,1,0,0,1
4,13,0,0,1,0,0,0,0,0,0,1
0,12,0,1,1,0,0,0,1,0,0,0
0,1,0,0,0,0,0,1,0,0,0,0
0,23,0,1,0,0,0,0,1,0,0,0
3,15,1,0,1,0,0,0,1,0,0,1
0,9,0,0,1,0,0,1,0,0,0,0
0,2,1,0,1,0,0,1,0,0,0,0
0,9,1,0,0,0,0,1,0,0,0,0
0,22,0,0,1,1,0,1,0,0,0,0
0,23,0,1,1,0,0,0,1,0,0,0
0,34,1,0,0,1,0,0,0,0,0,1
0,5,0,1,0,0,0,1,0,0,0,0
0,61,0,1,1,1,0,0,1,0,0,0
0,108,0,0,1,1,0,0,1,0,0,0
0,4,1,0,1,0,0,1,0,0,0,0
0,28,0,1,1,0,0,0,1,0,0,0
4,28,0,0,1,1,0,1,0,0,1,0
0,78,1,0,1,0,0,0,1,0,0,0
8,14,1,0,0,1,0,1,0,0,0,1
0,56,0,1,1,1,0,0,1,0,0,0
0,55,0,1,0,0,0,0,1,0,0,1
0,10,0,1,0,0,0,0,1,0,0,0
0,35,1,0,0,1,0,1,0,0,0,0
0,29,0,0,0,0,0,1,0,0,0,1
0,14,0,0,0,0,1,1,0,1,0,0
0,8,1,0,0,0,0,1,0,0,0,1
0,10,0,1,0,0,0,0,0,0,0,1
0,49,0,0,1,1,0,0,1,0,0,0
0,29,0,0,1,0,0,0,1,0,0,0
0,14,0,1,0,0,0,0,1,0,0,0
0,7,1,0,0,0,0,0,1,0,0,0
0,27,0,1,1,0,0,0,1,0,0,1
0,22,0,1,0,0,0,1,0,0,0,0
0,31,0,1,1,1,0,0,1,0,0,0
3,31,0,0,1,0,0,0,1,0,0,1
0,52,1,0,0,0,1,0,1,0,0,0
0,34,0,0,1,1,0,0,1,1,0,0
0,26,0,0,1,1,0,0,1,0,0,0
0,17,0,1,0,0,1,0,1,0,0,0
0,28,0,1,0,0,1,0,0,0,0,0
3,42,0,0,1,0,0,0,0,1,0,1
0,33,1,0,1,1,0,0,1,0,0,0
0,17,0,1,0,0,1,0,1,0,0,1
0,18,0,0,1,0,0,0,1,0,0,0
0,17,0,1,0,0,0,0,1,0,0,1
0,15,0,0,1,0,0,1,0,0,0,0
0,51,0,0,1,0,1,0,1,0,0,0
0,16,0,0,0,0,0,0,1,1,0,1
0,13,0,1,0,0,0,0,1,0,0,0
0,3,0,1,1,0,0,0,1,0,0,0
0,11,1,0,1,0,0,1,0,0,0,0
0,34,0,0,1,0,0,0,0,0,0,1
1,26,0,0,1,0,0,0,1,0,0,1
0,20,0,1,1,0,0,0,1,0,0,1
0,15,0,1,0,0,0,0,1,0,0,0
4,49,0,1,1,1,0,0,1,0,0,1
0,35,1,0,0,0,0,0,1,0,0,0
0,35,0,1,1,0,0,0,1,0,0,0
0,62,0,1,0,1,0,0,1,0,0,0
0,18,0,1,1,0,0,0,1,0,0,1
7,38,0,1,0,0,1,1,0,0,0,1
0,7,0,0,1,0,0,0,1,0,0,0
0,70,0,1,0,1,0,0,1,0,0,1
4,23,0,1,1,0,0,0,1,0,0,1
0,39,0,1,0,1,0,0,1,0,0,0
1,20,1,0,1,0,0,0,1,0,0,1
0,11,0,1,1,0,0,1,0,0,0,0
0,10,0,1,0,0,0,0,1,0,0,1
0,18,0,0,0,0,0,0,1,0,0,1
0,21,0,1,1,1,0,0,1,0,0,1
0,20,0,1,0,0,0,0,1,0,0,0
0,3,0,1,0,0,0,1,0,0,0,0
0,59,0,1,0,0,1,0,1,0,0,0
0,38,0,0,0,1,0,1,0,0,0,0
1,25,0,1,1,0,0,0,1,0,0,1
0,3,0,0,0,0,0,0,0,0,0,0
0,12,0,1,0,0,0,0,1,0,0,0
0,12,1,0,1,0,0,1,0,0,0,1
0,55,1,0,0,1,0,0,1,0,0,0
0,6,0,1,0,0,0,0,0,0,0,0
0,53,0,1,0,1,0,0,1,0,0,0
0,20,0,0,0,1,0,1,0,1,0,0
0,6,0,1,0,0,1,0,1,0,0,0
0,35,0,1,1,0,0,0,1,0,0,0
0,2,0,1,1,0,0,0,0,0,0,0
0,42,0,1,1,1,0,0,1,0,0,0
0,11,0,0,1,0,1,0,1,0,0,0
1,85,0,0,0,0,0,0,1,0,0,1
2,69,0,1,0,1,0,0,1,0,0,1
0,76,0,1,1,1,0,0,1,0,0,0
0,36,0,0,1,0,0,0,0,0,0,0
0,30,0,1,0,0,0,0,1,0,0,0
0,15,0,1,0,0,0,1,0,0,0,0
0,8,0,1,0,0,0,0,1,0,0,0
0,38,0,1,1,0,0,0,1,0,0,0
0,49,0,1,0,0,1,0,1,0,0,0
0,25,1,0,0,1,0,0,1,0,0,0
0,33,1,0,1,0,0,0,1,0,0,1
2,13,1,0,0,0,0,0,1,0,0,1
0,35,0,1,0,1,0,0,1,0,0,0
0,9,0,0,0,0,0,0,1,0,0,0
0,47,0,0,0,1,0,1,0,1,0,0
0,42,1,0,0,0,0,0,1,0,0,1
0,13,0,1,0,0,0,1,0,0,0,0
1,1,0,0,1,0,0,0,0,0,0,1
0,12,0,0,1,0,0,0,1,0,0,0
0,35,0,1,1,1,0,0,1,0,0,1
0,16,1,0,0,0,0,0,1,0,0,0
0,21,1,0,0,1,0,0,1,0,0,0
8,15,0,1,0,0,0,1,0,0,0,1
8,33,0,1,0,0,0,1,0,0,0,1
0,47,0,1,0,0,0,1,0,0,0,0
0,63,0,1,0,1,0,0,1,0,0,0
0,8,1,0,1,0,0,1,0,0,0,0
2,17,1,0,1,0,0,0,1,0,0,1
0,68,0,1,0,0,0,0,0,0,0,0
0,15,1,0,0,0,0,0,1,0,0,1
0,8,0,0,1,0,1,0,1,0,0,1
0,14,0,1,0,0,0,1,0,0,0,0
3,24,0,1,1,1,0,0,1,0,0,1
8,23,0,0,1,0,0,1,0,1,0,1
0,69,1,0,0,0,0,0,1,0,0,0
2,43,1,0,0,0,0,0,1,0,0,1
5,7,1,0,0,0,0,1,0,0,0,1
0,31,0,0,1,1,0,1,0,0,0,0
1,38,1,0,1,0,0,0,1,0,1,0
0,24,0,0,0,1,0,0,1,1,0,0
0,77,0,1,0,0,0,0,1,0,0,0
0,7,0,1,1,0,0,0,1,0,0,0
0,25,1,0,0,0,0,0,1,0,0,0
0,23,0,1,1,0,0,0,1,0,0,1
0,10,0,0,1,0,0,0,1,0,0,0
1,39,1,0,0,0,0,1,0,0,0,1
0,12,0,1,1,0,0,0,1,0,0,0
2,20,1,0,0,1,0,1,0,0,0,1
0,20,0,0,0,0,0,1,0,0,0,0
0,36,0,0,0,1,0,1,0,1,0,0
0,28,0,1,1,1,0,0,1,0,0,0
0,14,0,0,0,0,0,0,1,1,0,1
0,64,0,1,0,0,1,0,1,0,0,0
0,15,0,1,1,0,0,1,0,0,0,0
0,15,0,0,1,0,1,1,0,1,0,0
3,40,1,0,0,0,0,1,0,0,0,1
0,27,0,1,1,0,0,0,1,0,0,0
0,39,0,1,0,1,0,1,0,0,0,0
0,34,0,1,1,1,0,0,1,0,0,1
2,67,0,1,1,0,1,0,1,0,0,1
0,6,0,0,0,0,0,1,0,0,0,0
0,5,0,1,1,0,0,1,0,0,0,1
1,14,0,1,0,0,0,1,0,0,0,1
0,44,0,1,0,1,0,0,1,0,0,0
0,8,0,1,0,0,0,0,1,0,0,1
0,28,0,1,0,1,0,0,1,0,0,0
0,46,0,0,1,0,1,0,1,0,0,0
0,13,1,0,0,0,0,0,1,0,0,1
3,11,1,0,1,0,0,0,1,0,0,1
0,9,0,0,1,0,0,0,1,0,0,0
1,44,0,1,0,0,0,0,1,0,0,1
0,20,0,1,0,0,0,1,0,0,0,0
1,29,0,1,0,1,0,0,1,0,0,1
0,39,1,0,0,0,0,0,1,0,0,0
0,7,1,0,0,0,0,0,1,0,0,0
4,71,0,0,0,1,0,0,1,0,0,1
0,28,0,1,0,0,1,0,1,0,0,1
0,10,0,0,1,0,0,0,0,0,0,0
0,7,0,0,0,0,0,0,1,0,0,0
0,17,0,0,0,0,0,1,0,0,0,1
0,4,0,0,1,0,0,1,0,0,0,0
0,43,0,1,0,1,0,0,1,0,0,1
2,41,0,0,1,0,0,1,0,0,1,0
0,35,0,0,1,0,0,1,0,0,0,0
8,77,1,0,0,0,0,1,0,0,0,1
0,60,1,0,1,1,0,0,1,0,0,0
0,5,0,1,1,0,0,1,0,0,0,0
3,11,1,0,1,0,0,1,0,0,0,1
0,5,0,1,0,0,0,1,0,0,0,0
0,20,0,0,1,0,0,0,1,1,0,0
0,11,0,1,1,0,0,0,1,0,0,1
0,15,1,0,0,0,0,1,0,0,0,0
0,53,0,1,0,1,0,0,1,0,0,0
1,23,0,0,0,0,0,0,1,0,0,1
0,22,0,1,1,0,0,0,1,0,0,0
0,28,1,0,1,0,0,0,1,0,0,0
0,62,0,1,0,0,0,0,1,0,0,0
0,44,0,1,0,1,0,0,1,0,0,0
0,2,0,1,0,0,0,1,0,0,0,0
0,71,0,0,1,1,0,0,1,0,0,0
6,9,1,0,1,0,0,1,0,0,1,0
0,9,0,1,1,0,1,1,0,0,0,0
6,32,1,0,1,0,0,1,0,0,0,1
0,26,0,0,0,1,0,1,0,0,0,0
0,10,0,0,0,0,0,0,1,0,0,1
2,63,0,1,1,0,0,1,0,0,0,1
0,8,0,0,1,0,0,0,1,0,0,0
0,14,0,0,0,0,0,0,1,0,0,0
1,7,0,0,0,0,0,1,0,1,0,1
0,28,0,0,0,0,0,0,1,0,0,1
0,12,0,0,1,0,0,0,1,0,0,1
0,72,1,0,0,1,0,0,1,0,0,0
2,107,1,0,0,0,0,0,1,0,0,1
0,17,0,1,1,0,0,0,1,0,0,0
0,70,0,0,1,1,0,0,1,0,0,0
0,11,0,1,1,0,0,1,0,0,0,0
0,13,0,1,0,0,0,1,0,0,0,0
4,27,0,1,0,0,0,1,0,0,0,1
0,6,0,1,1,0,0,0,1,0,0,0
0,25,0,0,1,0,0,1,0,0,0,1
0,27,0,0,0,0,0,1,0,0,0,0
0,35,0,1,0,1,0,0,1,0,0,0
1,30,0,0,1,0,0,0,1,0,0,1
0,44,0,1,0,1,0,0,1,0,0,0
0,36,0,1,1,0,0,1,0,0,0,0
1,23,1,0,1,1,0,0,1,0,0,1
0,31,0,1,1,0,0,0,1,0,0,0
0,30,0,1,1,0,0,0,1,0,0,1
0,15,0,1,1,0,0,1,0,0,0,0
0,67,1,0,0,1,0,0,1,0,0,0
0,7,0,0,1,0,0,0,1,0,0,1
0,65,0,0,1,1,0,0,1,0,0,0
0,69,0,0,1,1,0,0,1,0,0,0
0,60,0,0,1,1,0,0,1,0,0,1
1,16,0,1,1,0,0,0,1,0,0,1
0,14,1,0,0,0,1,0,1,0,0,0
0,38,0,1,1,1,0,0,1,0,0,0
0,9,0,1,0,0,0,1,0,0,0,0
0,86,0,0,1,1,0,0,1,0,0,1
0,21,0,1,1,0,1,0,1,0,0,1
0,9,0,1,0,0,0,0,1,0,0,1
0,9,0,1,0,0,0,1,0,0,0,0
5,11,0,0,0,0,1,1,0,0,0,1
9,17,0,1,0,0,0,1,0,0,0,1
8,25,1,0,1,0,0,0,0,0,0,1
0,44,0,1,0,0,0,1,0,0,0,0
0,39,0,1,1,0,0,0,1,0,0,0
0,13,0,1,0,0,0,0,1,0,0,0
0,7,1,0,1,0,0,0,1,0,0,0
0,23,0,1,0,0,0,1,0,0,0,0
0,8,0,1,1,0,0,1,0,0,0,0
0,27,0,1,1,1,0,1,0,0,0,0
1,13,0,1,1,0,0,1,0,0,0,1
7,53,0,0,1,1,0,1,0,0,1,0
0,6,1,0,0,0,0,1,0,0,0,0
9,13,0,1,1,0,0,1,0,0,0,1
0,6,0,1,1,1,0,0,1,0,0,0
0,14,0,1,0,0,0,1,0,0,0,0
0,7,0,1,0,0,0,0,1,0,0,0
0,54,1,0,0,0,0,0,1,0,0,0
0,30,0,1,0,0,0,0,1,0,0,1
0,7,0,1,1,0,0,1,0,0,0,0
0,7,0,0,1,0,1,0,1,0,0,1
3,68,1,0,1,0,0,0,0,0,0,1
0,54,0,0,0,1,0,0,1,0,0,0
5,31,0,1,0,0,0,1,0,0,0,1
0,3,0,1,0,0,0,0,1,0,0,0
0,8,1,0,1,0,0,0,1,0,0,0
0,28,0,1,0,0,0,0,0,0,0,0
1,14,0,1,1,0,0,1,0,0,0,1
0,11,0,1,0,0,0,0,1,0,0,0
0,46,0,1,0,1,0,0,1,0,0,0
0,56,1,0,1,0,0,0,1,0,0,0
0,6,1,0,1,0,0,1,0,0,0,1
0,43,0,1,1,1,0,1,0,0,0,0
4,36,1,0,0,1,0,0,1,0,0,1
0,38,0,1,0,1,0,0,1,0,0,0
0,2,0,0,0,0,0,0,0,0,0,0
1,31,0,0,1,0,0,0,1,0,0,1
0,3,0,1,1,0,0,1,0,0,0,0
0,41,0,1,1,0,0,0,0,0,0,0
0,5,1,0,1,0,0,0,1,0,0,0
0,24,0,1,1,0,0,0,0,0,0,1
9,112,1,0,1,0,0,0,0,0,0,1
0,73,0,0,0,0,0,1,0,0,0,0
4,23,1,0,1,0,0,0,0,0,0,1
0,9,1,0,0,0,0,0,1,0,0,1
0,41,0,1,0,0,1,0,1,0,0,0
4,14,0,0,0,0,0,1,0,0,0,1
0,5,0,0,0,0,0,0,1,1,0,0
0,49,1,0,0,0,0,0,1,0,0,0
4,33,0,1,1,0,0,0,1,0,0,1
0,32,1,0,0,0,0,0,1,0,0,1
3,35,0,1,0,0,1,1,0,0,0,1
1,80,1,0,0,1,0,0,0,0,0,1
0,26,0,1,0,0,0,0,1,0,0,1
0,22,0,1,1,0,0,0,1,0,0,0
0,17,0,0,1,1,0,0,1,0,0,1
0,28,0,1,0,0,0,0,1,0,0,0
0,28,0,1,0,0,0,0,1,0,0,0
0,39,0,0,0,1,0,0,1,0,0,0
0,45,0,1,1,1,0,0,1,0,0,0
0,18,1,0,0,0,0,0,1,0,0,1
1,62,1,0,0,1,0,0,1,0,0,1
2,20,0,1,1,0,0,1,0,0,0,1
0,29,0,1,0,0,0,0,0,0,0,0
0,9,0,1,1,0,0,0,1,0,0,1
0,42,0,0,1,1,0,1,0,1,0,0
0,27,0,0,1,0,0,1,0,0,0,0
0,38,0,0,1,0,0,0,1,0,0,0
2,5,0,0,0,0,0,0,0,1,0,1
3,11,0,1,1,0,0,0,1,0,0,1
0,8,1,0,0,0,0,0,1,0,0,0
0,36,0,0,0,1,0,0,1,0,0,0
0,31,1,0,1,1,0,1,0,0,0,0
0,35,0,1,1,1,0,0,1,0,0,0
0,68,1,0,1,0,0,0,1,0,0,0
0,22,0,0,0,0,0,0,0,0,0,0
0,54,1,0,0,1,0,0,1,0,0,0
0,8,1,0,0,0,0,0,1,0,0,0
0,55,0,1,0,0,0,0,1,0,0,0
0,20,0,1,0,0,0,0,1,0,0,1
0,35,1,0,1,0,1,0,1,0,0,0
0,8,0,0,0,0,0,0,1,0,0,0
0,27,0,1,1,0,0,0,1,0,0,1
0,38,0,0,0,0,0,0,1,0,0,0
0,41,0,0,0,1,0,0,1,1,0,0
0,9,0,1,1,0,0,0,1,0,0,0
0,26,0,0,1,0,0,0,1,0,0,0
3,17,0,0,0,0,0,1,0,0,0,1
1,10,0,0,0,0,0,0,1,0,0,1
0,6,1,0,1,0,0,0,0,0,0,1
0,17,0,1,0,0,0,0,1,0,0,0
2,21,0,1,0,0,0,0,1,0,0,1
1,22,1,0,0,0,0,0,1,0,0,1
0,14,1,0,0,0,1,1,0,0,0,0
0,11,1,0,0,0,0,0,1,0,0,0
1,75,0,0,1,0,0,0,1,0,0,1
0,11,0,0,0,0,0,1,0,1,0,0
0,6,0,1,1,0,0,1,0,0,0,0
0,14,0,1,1,0,0,0,1,0,0,0
0,82,0,1,0,1,0,0,1,0,0,0
6,17,0,1,1,0,0,1,0,0,0,1
0,49,1,0,1,1,0,1,0,0,0,0
1,66,1,0,0,1,0,0,1,0,0,1
1,12,0,0,1,0,0,0,1,0,0,1
0,6,0,0,1,0,0,0,0,0,0,0
0,8,0,1,1,0,0,1,0,0,0,0
0,25,0,0,1,0,0,0,1,1,0,0
0,8,0,1,1,0,0,1,0,0,0,0
0,6,0,0,0,0,0,0,1,0,0,0
0,10,0,1,0,0,0,0,1,0,0,0
0,14,1,0,0,0,0,0,1,0,0,0
0,0,0,0,1,0,0,0,0,1,0,1
0,46,1,0,1,0,0,0,1,0,0,1
0,28,1,0,1,1,0,1,0,0,0,0
6,0,0,0,0,0,0,1,0,1,0,1
0,23,0,0,0,1,0,1,0,0,0,1
0,16,0,1,0,0,0,0,1,0,0,0
0,8,0,1,1,0,0,0,1,0,0,0
0,13,0,1,0,0,0,0,1,0,0,0
0,11,0,0,1,0,1,0,1,0,0,1
0,65,0,1,1,0,1,0,1,0,0,0
0,56,0,1,1,1,0,0,1,0,0,0
0,14,0,1,0,0,0,0,1,0,0,0
1,11,0,0,1,1,0,0,1,1,0,1
0,11,1,0,1,0,0,0,1,0,0,1
0,14,0,1,0,0,1,1,0,0,0,0
0,53,0,1,1,0,1,0,1,0,0,0
5,18,0,0,1,0,1,0,1,0,0,1
0,13,0,0,1,0,0,0,1,0,0,0
0,60,0,1,1,1,0,0,1,0,0,0
0,48,0,1,0,1,0,0,1,0,0,0
0,13,0,0,0,0,0,1,0,1,0,1
0,6,0,0,1,0,0,1,0,0,0,1
0,52,1,0,1,1,0,0,1,0,0,0
0,1,0,1,0,0,0,1,0,0,0,0
6,2,0,0,0,0,0,0,0,0,0,1
3,18,1,0,1,1,0,0,1,0,0,1
0,75,0,0,1,0,0,0,1,0,0,0
3,3,0,0,0,0,1,0,1,0,0,1
5,23,0,1,1,1,0,1,0,0,1,0
0,38,0,1,1,1,0,0,1,0,0,0
0,17,0,0,1,0,0,1,0,0,0,0
1,60,0,1,1,0,0,0,0,0,0,1
7,37,0,1,1,0,0,1,0,0,0,1
0,46,0,0,0,0,0,0,1,0,0,0
0,17,0,1,1,0,0,1,0,0,0,0
0,28,0,0,0,0,0,0,1,0,0,0
1,7,0,1,1,0,0,1,0,0,0,1
0,6,0,1,1,0,0,1,0,0,0,0
4,49,0,0,1,0,1,0,1,0,0,1
0,41,1,0,1,0,0,0,1,0,0,1
0,1,0,1,0,0,1,0,0,0,0,0
6,15,1,0,1,0,0,0,1,0,0,1
0,19,0,1,1,1,0,0,1,0,0,0
0,6,0,1,1,0,0,0,1,0,0,0
0,7,0,0,0,0,0,1,0,0,0,0
4,18,1,0,1,0,0,0,1,0,0,1
0,32,0,0,1,0,0,0,1,0,0,0
0,37,0,1,0,0,0,0,1,0,0,0
0,40,0,0,1,0,0,0,1,0,0,0
0,33,0,1,1,0,0,0,1,0,0,0
1,35,0,1,0,0,0,0,1,0,0,1
0,11,0,1,1,0,0,1,0,0,0,0
0,10,1,0,0,0,0,1,0,0,0,0
9,27,0,0,0,0,0,0,1,0,0,1
3,37,0,0,1,0,0,1,0,0,0,1
0,7,1,0,0,0,0,0,1,0,0,0
0,14,0,0,0,0,0,1,0,0,0,0
0,16,0,1,0,1,0,1,0,0,0,0
1,65,1,0,1,1,0,0,1,0,0,1
0,22,0,0,1,0,0,0,1,0,0,0
0,14,0,0,1,0,0,0,1,0,0,0
0,8,0,0,1,0,0,1,0,1,0,0
0,29,0,1,1,1,0,1,0,0,0,0
0,12,0,0,0,0,0,0,1,1,0,0
1,29,0,0,0,0,0,0,1,0,0,1
0,39,0,0,1,0,0,0,1,0,0,0
0,35,0,0,1,0,0,0,1,0,0,0
4,11,0,0,0,0,0,1,0,1,0,1
0,38,0,0,1,0,0,1,0,0,0,0
0,72,0,1,1,0,0,0,1,0,0,0
1,16,0,1,0,0,0,0,1,0,0,1
3,14,0,0,1,1,0,0,1,0,0,1
0,4,0,1,1,0,0,1,0,0,0,0
0,4,1,0,1,0,0,0,0,0,0,1
9,46,0,0,1,0,0,1,0,0,1,0
0,27,0,1,1,0,0,1,0,0,0,0
0,10,0,1,1,0,0,1,0,0,0,0
0,6,0,0,0,0,0,0,1,0,0,0
0,1,1,0,1,0,0,0,0,0,0,0
0,4,1,0,1,0,1,0,0,0,0,1
0,9,0,1,1,0,0,0,1,0,0,1
0,8,0,0,0,0,0,1,0,0,0,0
0,11,1,0,0,0,0,0,1,0,0,1
0,7,0,1,1,0,0,0,1,0,0,0
4,3,0,0,0,0,0,1,0,0,0,1
0,3,1,0,0,0,0,0,0,0,0,0
0,22,0,1,1,0,0,0,1,0,0,0
0,20,0,1,1,0,0,0,1,0,0,1
0,9,0,1,0,0,0,0,0,0,0,0
0,38,0,1,1,1,0,0,1,0,0,0
5,18,0,0,0,0,0,0,1,1,0,1
0,9,0,1,1,0,0,1,0,0,0,1
0,17,0,0,1,0,0,1,0,0,0,0
0,53,0,0,1,0,1,0,1,0,0,0
0,31,0,1,1,0,1,0,1,0,0,1
0,56,0,0,0,1,0,1,0,0,0,1
0,6,0,1,1,0,0,1,0,0,0,0
0,47,0,1,0,0,1,0,1,0,0,0
0,3,0,1,1,0,0,1,0,0,0,0
0,39,0,0,0,0,0,0,1,0,0,1
2,49,0,1,1,0,0,0,1,0,0,1
0,33,0,0,0,1,0,0,0,0,0,0
3,16,1,0,1,0,0,0,1,0,0,1
9,32,0,0,0,0,0,0,1,0,0,1
0,20,0,0,0,0,0,0,1,1,0,1
0,49,0,1,0,1,0,0,1,0,0,0
0,12,0,1,0,0,0,0,0,0,0,0
4,12,0,1,1,0,0,1,0,0,0,1
0,42,0,0,1,0,0,0,1,0,0,0
0,32,0,1,1,0,1,0,1,0,0,0
0,6,0,1,1,0,0,1,0,0,0,1
0,33,0,1,0,1,0,1,0,0,0,0
0,63,1,0,1,1,0,0,1,0,0,0
0,20,0,1,0,0,0,0,0,0,0,0
0,3,0,0,0,0,0,0,1,0,0,0
1,19,0,1,0,0,1,0,1,0,0,1
0,24,0,1,0,0,0,1,0,0,0,0
0,47,0,1,1,0,0,0,1,0,0,0
0,35,0,0,1,1,0,0,1,0,0,0
0,49,0,0,0,0,0,0,1,0,0,0
0,7,0,1,1,0,0,1,0,0,0,1
0,41,1,0,1,1,0,0,1,0,0,0
0,55,0,1,1,0,1,0,1,0,0,0
0,26,1,0,0,0,0,0,1,0,0,0
6,16,0,0,0,0,0,0,1,1,0,1
0,37,0,0,1,1,0,0,1,0,0,1
0,8,0,1,1,0,0,1,0,0,0,1
0,29,0,0,0,0,0,0,1,0,0,0
0,7,1,0,0,0,0,0,1,0,0,1
0,10,0,0,1,0,0,1,0,0,0,0
0,17,0,0,0,0,0,1,0,0,0,0
1,27,0,1,0,0,0,0,1,0,0,1
0,50,1,0,0,0,0,1,0,0,0,1
8,30,0,0,1,0,0,1,0,0,1,0
0,80,0,1,1,1,0,0,0,0,0,0
0,21,0,1,1,0,0,1,0,0,0,0
0,57,0,0,1,1,0,0,1,0,0,0
3,22,0,0,0,0,0,1,0,0,1,0
0,22,0,1,1,0,0,0,0,0,0,0
0,101,0,0,1,0,0,0,1,0,0,0
0,7,0,0,0,0,0,1,0,0,0,0
1,22,0,1,0,1,0,1,0,0,0,1
3,14,1,0,0,1,0,1,0,0,0,1
0,44,0,0,0,1,0,0,1,0,0,0
2,21,1,0,1,0,1,0,1,0,0,1
0,68,0,1,1,1,0,0,1,0,0,0
2,59,0,1,0,0,0,1,0,0,0,1
0,9,0,1,1,0,0,0,1,0,0,1
0,34,1,0,0,0,1,0,1,0,0,1
0,31,0,0,1,0,0,0,1,0,0,0
0,92,1,0,1,1,0,0,1,0,0,0
1,43,0,1,1,0,0,0,0,0,0,1
0,36,0,1,1,0,0,0,1,0,0,0
0,18,1,0,0,0,0,0,1,0,0,0
0,14,0,0,0,0,0,0,1,0,0,0
0,30,0,1,1,0,0,0,1,0,0,1
0,13,0,0,0,0,1,1,0,0,0,0
4,32,0,0,1,0,0,0,0,0,0,1
0,79,1,0,1,0,0,0,1,0,0,0
0,21,0,1,1,0,0,0,1,0,0,1
3,49,0,1,1,1,0,0,1,0,0,1
0,31,0,0,0,1,0,0,1,0,0,0
2,36,0,0,1,0,0,0,1,0,0,1
5,41,0,1,0,1,0,1,0,0,1,0
2,71,0,0,0,1,0,0,1,0,0,1
0,48,0,1,0,1,0,0,1,0,0,1
0,24,1,0,0,0,1,1,0,0,0,0
0,49,0,1,1,0,1,0,1,0,0,0
10,36,0,1,0,0,0,1,0,0,0,1
4,7,0,1,0,0,0,1,0,0,0,1
0,34,0,0,1,1,0,0,1,0,0,0
0,10,1,0,0,0,0,0,1,0,0,0
3,67,1,0,0,0,0,0,1,0,0,1
0,14,0,1,1,0,0,0,1,0,0,1
0,91,1,0,0,0,1,0,1,0,0,0
0,17,0,0,1,0,0,0,1,0,0,0
0,77,0,1,0,0,0,0,1,0,0,0
0,17,0,0,1,0,0,0,1,0,0,0
0,12,1,0,0,0,0,0,1,0,0,1
2,20,0,0,1,0,0,0,1,1,0,1
0,5,0,0,1,0,0,0,1,0,0,1
0,0,1,0,0,0,0,0,0,1,0,1
0,36,1,0,0,1,0,0,1,0,0,0
1,37,1,0,0,0,1,0,1,0,0,1
0,19,0,1,1,0,0,1,0,0,0,0
0,5,0,1,1,0,0,1,0,0,0,0
0,5,0,1,0,0,0,0,1,0,0,0
1,46,0,1,0,1,0,0,0,0,0,1
3,46,1,0,0,1,0,1,0,0,0,1
0,7,0,1,1,0,0,1,0,0,0,0
0,22,0,1,1,0,0,0,1,0,0,1
1,52,0,0,1,0,0,0,1,0,0,1
2,7,0,1,1,1,0,0,1,0,0,1
8,20,1,0,1,0,0,1,0,0,0,1
0,19,0,1,1,0,0,0,1,0,0,1
0,68,0,1,1,1,0,1,0,0,0,0
0,39,0,0,0,1,0,0,0,1,0,0
0,9,0,0,1,0,0,1,0,0,0,0
7,47,0,0,1,0,0,0,1,0,0,1
6,26,1,0,0,0,0,1,0,0,0,1
0,7,0,1,1,0,0,0,0,0,0,1
0,50,0,1,1,0,0,1,0,0,0,0
5,16,1,0,1,0,0,1,0,0,0,1
0,17,1,0,0,0,0,0,1,0,0,1
3,48,1,0,0,0,1,0,1,0,0,1
0,17,1,0,1,0,0,0,1,0,0,0
0,8,1,0,1,0,0,1,0,0,0,0
0,44,1,0,1,1,0,0,1,0,0,0
0,67,1,0,0,0,0,0,1,0,0,0
2,50,1,0,0,0,0,0,1,0,0,1
0,46,1,0,1,1,0,0,1,0,0,0
5,49,0,1,1,0,0,0,1,0,1,0
0,23,0,0,1,1,0,1,0,1,0,0
6,42,1,0,1,0,0,1,0,0,1,0
2,37,1,0,1,0,0,1,0,0,0,1
4,22,1,0,1,1,0,0,0,0,0,1
0,56,0,1,0,0,0,0,1,0,0,0
0,39,0,1,1,0,0,0,1,0,0,0
0,40,0,1,1,0,0,0,1,0,0,1
0,50,0,0,0,1,0,0,1,0,0,1
0,50,1,0,0,0,0,0,0,0,0,0
1,4,1,0,1,0,1,0,0,0,0,1
1,13,0,0,1,0,0,0,1,0,0,1
1,41,0,0,1,0,0,1,0,0,0,1
0,14,0,1,1,0,0,1,0,0,0,0
1,30,0,0,0,0,0,0,0,0,0,1
1,37,0,1,1,1,0,0,1,0,0,1
0,35,1,0,0,0,0,0,1,0,0,1
0,22,0,1,1,0,0,1,0,0,0,1
0,14,0,1,0,0,1,0,1,0,0,1
0,71,0,0,0,0,1,0,1,0,0,1
0,10,0,1,1,0,0,0,0,0,0,0
0,3,0,1,1,0,0,1,0,0,0,0
0,24,1,0,1,1,0,0,1,0,0,1
6,48,1,0,1,1,0,0,1,0,0,1
0,2,0,0,1,0,0,0,1,0,0,0
0,6,0,1,1,0,0,0,1,0,0,0
1,14,1,0,0,0,0,0,1,0,0,1
0,18,1,0,1,0,0,0,1,0,0,0
0,34,0,0,0,0,0,0,1,0,0,1
0,9,0,1,0,0,0,0,1,0,0,0
0,22,0,0,1,0,0,1,0,0,0,0
1,25,0,0,0,0,0,0,1,0,0,1
2,40,1,0,1,1,0,0,1,0,1,0
0,63,1,0,0,1,0,0,1,0,0,0
0,11,1,0,0,1,0,1,0,0,0,1
0,49,0,0,0,0,0,0,1,0,0,0
8,35,0,1,0,0,0,1,0,0,0,1
0,12,0,1,0,0,0,0,0,0,0,0
0,42,0,1,0,1,0,0,1,0,0,0
0,27,0,1,1,0,0,1,0,0,0,0
0,33,0,0,1,1,0,0,1,0,0,0
0,24,1,0,1,1,0,0,1,0,0,0
0,22,1,0,0,1,0,0,1,0,0,1
0,15,0,1,0,0,0,0,1,0,0,1
0,10,0,1,1,0,0,0,0,0,0,0
0,9,1,0,1,0,0,1,0,0,0,0
0,60,0,0,1,1,0,0,1,0,0,0
0,46,0,0,1,0,0,1,0,0,0,0
0,62,1,0,0,1,0,0,1,0,0,0
0,51,0,0,0,0,0,0,0,0,0,1
0,4,1,0,1,0,0,0,1,0,0,0
0,31,0,0,0,1,0,0,1,1,0,0
0,7,1,0,1,0,0,1,0,0,0,0
0,49,0,1,1,1,0,0,1,0,0,0
10,21,0,0,0,0,0,1,0,0,0,1
0,11,0,1,0,0,0,0,1,0,0,0
0,90,0,0,1,0,0,1,0,0,0,0
4,22,0,0,0,1,0,1,0,1,0,1
0,22,0,0,1,1,0,0,1,0,0,0
1,11,1,0,0,0,0,0,1,0,0,1
0,7,0,0,1,0,1,1,0,1,0,0
0,21,0,0,0,0,0,0,1,0,0,0
0,48,0,1,0,0,0,0,1,0,0,0
1,16,0,1,0,0,1,0,1,1,0,1
4,40,0,0,1,0,1,0,1,0,0,1
0,5,0,0,1,0,0,1,0,0,0,0
8,77,1,0,0,0,0,0,1,0,0,1
0,48,0,0,1,0,0,0,1,0,0,1
0,46,0,1,0,1,0,0,1,0,0,0
1,14,0,1,1,0,0,1,0,0,0,1
0,6,0,1,0,1,0,0,0,0,0,0
0,21,0,1,0,0,0,0,1,0,0,0
1,21,0,1,1,1,0,0,0,0,0,1
0,56,0,1,1,1,0,1,0,0,0,0
1,30,0,0,0,0,0,1,0,0,0,1
0,4,0,0,1,0,0,0,1,0,0,0
0,61,1,0,1,0,0,0,1,0,0,1
0,2,0,0,0,0,0,0,1,0,0,0
0,7,0,1,0,0,1,1,0,0,0,0
10,24,1,0,1,0,0,0,0,0,1,0
0,29,0,1,0,1,0,1,0,0,0,0
0,7,0,0,0,0,0,0,1,0,0,0
0,27,1,0,0,0,0,0,1,0,0,0
1,53,1,0,0,0,0,1,0,0,0,1
4,17,1,0,1,1,0,0,1,0,1,0
0,53,0,0,1,1,0,0,1,0,0,0
0,7,0,0,0,0,0,1,0,0,0,0
0,15,0,0,0,0,1,0,1,0,0,1
0,20,0,0,0,1,0,1,0,1,0,0
0,84,0,1,0,1,0,0,1,0,0,0
3,20,1,0,0,1,0,0,0,0,0,1
4,10,0,1,1,0,0,0,1,0,0,1
0,63,0,1,1,0,0,0,1,0,0,0
0,27,0,0,0,1,0,0,1,0,0,0
1,115,1,0,1,1,0,0,1,0,0,1
0,5,0,0,1,0,0,1,0,0,0,0
7,11,0,1,0,1,0,0,1,0,0,1
0,30,0,0,1,1,0,0,0,0,0,0
1,34,1,0,0,0,0,1,0,0,0,1
0,24,0,0,0,0,1,0,1,0,0,0
0,8,0,0,1,0,0,1,0,0,0,0
7,18,1,0,1,0,0,0,0,0,0,1
2,32,0,0,0,1,0,1,0,0,0,1
2,22,0,0,1,0,1,1,0,0,0,1
0,21,0,1,1,0,0,1,0,0,0,0
1,37,0,1,1,0,1,0,1,0,0,1
0,6,0,1,0,0,0,0,1,0,0,0
0,21,1,0,1,0,0,1,0,0,0,0
0,48,1,0,0,0,0,0,1,0,0,0
1,18,0,1,0,0,0,0,1,0,0,1
0,34,0,1,0,1,0,1,0,0,0,0
1,26,0,1,0,0,0,0,1,0,0,1
6,32,0,0,0,0,0,0,1,0,0,1
1,18,1,0,1,0,0,0,1,0,0,1
0,2,0,1,0,0,0,1,0,0,0,0
0,17,0,1,0,0,0,1,0,0,0,0
4,99,0,0,0,1,0,1,0,0,0,1
0,7,0,1,1,0,0,1,0,0,0,0
0,37,0,1,0,0,1,0,1,0,0,1
0,32,1,0,1,0,0,0,1,0,0,0
0,9,0,0,0,0,0,0,1,0,0,0
1,44,0,1,0,0,0,0,1,0,0,1
0,36,0,1,1,1,0,0,1,0,0,0
0,53,1,0,1,1,0,0,1,0,0,0
0,9,0,1,1,0,0,0,1,0,0,0
0,44,0,1,0,1,0,0,1,0,0,0
7,19,0,0,1,1,0,1,0,1,1,0
5,22,0,0,0,0,0,1,0,0,0,1
0,39,0,1,1,0,0,1,0,0,0,0
0,39,0,1,0,0,0,0,1,0,0,0
0,7,0,0,0,0,0,1,0,0,0,0
0,14,1,0,1,0,1,1,0,0,0,0
0,16,0,1,1,0,0,1,0,0,0,0
0,4,0,1,0,0,0,1,0,0,0,0
0,32,0,0,0,0,0,1,0,0,0,0
0,4,0,1,1,0,1,1,0,0,0,0
9,17,1,0,1,1,0,0,1,0,0,1
8,49,0,1,0,1,0,0,1,0,0,1
0,22,1,0,1,0,0,1,0,0,0,0
0,8,0,1,0,0,0,0,0,0,0,1
4,3,0,1,0,0,0,1,0,0,0,1
4,10,0,0,0,0,0,1,0,1,0,1
0,5,1,0,1,0,0,0,0,0,0,0
0,38,0,1,0,0,1,1,0,0,0,0
0,45,1,0,1,0,1,0,0,0,0,1
0,22,0,1,0,0,1,1,0,0,0,0
0,29,0,1,1,0,1,0,1,0,0,0
1,81,0,0,0,1,0,0,1,0,0,1
0,49,1,0,1,0,1,0,1,0,0,0
0,41,0,1,1,1,0,0,1,0,0,0
0,8,0,0,0,0,0,1,0,0,0,0
0,43,0,1,0,1,0,0,1,0,0,0
1,11,0,1,1,0,0,0,1,0,0,1
0,52,1,0,1,0,0,0,1,0,0,0
3,21,0,0,0,0,0,1,0,0,0,1
7,14,0,0,1,1,0,1,0,1,0,1
8,91,1,0,0,0,0,1,0,0,0,1
0,24,0,0,1,0,1,0,1,0,0,0
0,10,1,0,1,0,0,1,0,0,0,0
0,18,0,0,1,0,1,0,1,0,0,0
2,73,0,1,0,1,0,0,1,0,0,1
3,36,0,0,0,0,0,0,1,0,0,1
3,34,0,0,0,0,0,0,1,0,0,1
7,5,0,0,0,1,0,0,0,0,0,1
6,4,1,0,0,0,0,1,0,0,0,1
0,34,0,0,0,0,0,0,1,0,0,0
0,45,0,0,1,1,0,0,1,0,0,0
0,31,0,0,0,0,0,0,1,0,0,1
0,8,1,0,1,0,0,1,0,0,0,1
0,14,0,0,1,0,0,1,0,1,0,1
0,7,0,0,1,0,0,1,0,0,0,0
1,7,0,0,1,0,0,0,1,0,1,0
1,33,0,0,0,0,0,0,0,1,0,1
0,46,1,0,1,1,0,0,1,0,0,0
0,108,1,0,1,0,0,0,1,0,0,0
0,12,0,1,1,0,1,1,0,0,0,0
8,33,0,0,1,0,1,0,1,0,0,1
0,6,0,1,1,0,0,1,0,0,0,1
0,36,0,1,1,0,1,0,1,0,0,0
0,41,0,0,0,0,1,0,1,0,0,0
0,74,1,0,0,0,0,0,1,0,0,0
0,11,1,0,0,0,0,1,0,0,0,0
9,44,1,0,0,0,0,1,0,0,0,1
0,16,0,1,0,0,0,1,0,0,0,0
3,76,1,0,1,1,0,0,1,0,0,1
0,29,0,1,1,1,0,0,1,0,0,0
1,0,1,0,0,0,0,0,0,0,0,1
0,11,0,1,0,0,0,1,0,0,0,0
6,32,0,1,0,0,0,0,1,0,0,1
0,11,0,0,1,0,0,0,1,1,0,0
0,5,0,0,1,0,0,0,1,1,0,0
7,59,0,0,1,1,0,0,1,0,0,1
1,18,1,0,1,0,0,0,1,0,0,1
0,34,1,0,1,0,0,0,1,0,0,0
0,24,0,1,0,1,0,0,0,0,0,0
0,33,0,0,1,0,0,0,0,0,0,0
0,78,1,0,0,1,0,1,0,0,0,0
1,10,1,0,0,0,0,0,1,0,0,1
1,11,0,0,0,0,0,1,0,0,0,1
0,15,1,0,1,0,0,0,1,0,0,0
0,29,1,0,0,0,0,1,0,0,0,1
0,8,0,0,1,0,0,0,1,0,0,0
1,18,0,0,1,0,0,0,1,0,0,1
0,56,0,1,1,1,0,0,1,0,0,0
1,25,0,0,0,0,0,1,0,0,0,1
7,59,0,1,0,1,0,1,0,0,0,1
1,17,0,1,1,0,0,0,1,0,0,1
9,35,0,1,1,0,0,1,0,0,1,0
0,86,0,1,0,1,0,0,1,0,0,0
1,15,0,1,0,0,0,0,1,0,0,1
0,50,0,1,1,0,0,0,1,0,0,0
0,24,0,0,1,1,0,0,1,1,0,0
0,56,0,1,0,1,0,0,1,0,0,0
0,18,0,1,1,0,0,0,1,0,0,0
3,23,0,0,1,0,1,1,0,1,0,1
0,29,1,0,0,0,0,0,1,0,0,1
0,13,0,1,1,0,0,0,1,0,0,1
0,3,1,0,1,0,0,1,0,0,0,0
0,49,0,0,0,1,0,0,1,0,0,0
0,8,0,1,1,0,0,1,0,0,0,0
0,77,1,0,0,1,0,0,1,0,0,1
1,17,0,1,1,0,1,0,1,0,0,1
0,38,1,0,0,0,1,0,1,0,0,1
0,24,0,1,1,0,0,0,1,0,0,0
0,39,0,0,1,1,0,0,1,0,0,0
8,31,1,0,1,1,0,0,1,0,1,0
0,6,0,1,0,0,0,0,1,0,0,0
1,44,1,0,0,0,0,1,0,0,0,1
0,7,1,0,0,0,0,1,0,0,0,0
0,36,0,1,0,0,0,0,1,0,0,1
1,27,0,0,0,0,0,1,0,0,0,1
0,53,0,1,0,0,0,0,1,0,0,0
0,8,0,1,0,0,0,1,0,0,0,0
0,4,0,1,0,0,0,1,0,0,0,0
0,9,0,1,1,0,0,0,1,0,0,0
0,15,0,1,0,0,0,0,1,0,0,1
0,45,0,0,0,0,0,1,0,0,0,0
0,91,0,1,0,1,0,0,1,0,0,0
6,35,1,0,0,0,0,0,1,0,0,1
0,17,0,1,1,0,0,0,1,0,0,1
7,94,0,1,1,1,0,1,0,0,0,1
2,10,1,0,0,0,0,0,1,0,0,1
0,8,1,0,1,0,0,1,0,0,0,0
3,13,0,0,0,0,0,0,1,0,0,1
0,39,1,0,1,0,1,0,1,0,0,0
0,30,0,0,1,1,0,0,1,1,0,0
0,10,1,0,1,0,0,0,1,0,0,0
0,9,1,0,1,0,0,0,1,1,0,0
0,3,0,1,1,0,0,1,0,0,0,0
0,28,0,1,1,1,0,0,1,0,0,0
1,10,0,0,1,0,0,0,0,1,0,1
0,63,0,0,0,0,0,0,1,0,0,0
0,10,0,0,0,0,0,1,0,0,0,0
0,23,0,1,0,0,1,0,1,0,0,0
0,25,1,0,1,0,0,0,1,0,0,0
0,36,0,0,1,1,0,0,1,0,0,0
0,7,1,0,0,0,0,1,0,0,0,1
0,37,0,1,0,1,0,0,1,0,0,0
1,19,0,0,0,0,0,0,1,0,0,1
5,29,0,1,1,0,0,1,0,0,0,1
0,15,1,0,1,1,0,0,1,0,0,1
0,21,0,1,0,0,0,0,1,0,0,0
0,13,0,0,0,0,0,0,1,0,0,0
0,16,0,0,0,0,0,0,1,0,0,0
0,48,1,0,1,0,0,0,1,0,0,0
0,34,0,1,1,0,0,1,0,0,0,1
0,37,0,0,1,1,0,0,1,0,0,0
0,58,1,0,0,1,0,0,1,0,0,0
0,41,0,0,1,0,0,0,1,0,0,0
0,10,0,0,1,0,0,0,0,0,0,0
0,42,0,0,0,0,1,0,1,1,0,1
0,15,1,0,1,0,0,1,0,0,0,0
0,18,1,0,1,0,0,0,1,0,0,1
0,6,0,1,1,0,0,0,1,0,0,0
7,23,1,0,0,0,0,0,1,1,1,0
0,38,0,0,1,0,0,0,0,0,0,1
0,63,0,0,0,0,0,0,1,0,0,0
0,15,0,0,1,0,0,0,1,0,0,1
2,45,0,0,1,0,0,0,1,0,1,0
1,39,0,1,0,0,0,1,0,0,0,1
0,55,0,1,0,1,0,0,1,0,0,0
0,3,0,1,1,0,0,0,1,0,0,1
0,31,0,0,0,0,0,1,0,0,0,0
1,25,0,0,1,0,0,0,1,0,0,1
0,13,0,1,0,0,0,0,1,0,0,0
1,80,0,1,0,0,0,0,1,0,0,1
0,25,1,0,0,1,0,0,1,0,0,0
0,32,0,1,0,1,0,0,1,0,0,0
0,38,0,1,1,1,0,0,1,0,0,0
0,13,0,1,1,0,0,0,1,0,0,1
1,15,0,0,1,0,0,1,0,0,0,1
0,20,1,0,0,1,0,1,0,0,0,0
0,4,0,1,1,0,0,1,0,0,0,0
2,1,0,0,1,0,0,1,0,0,0,1
0,16,0,0,1,0,0,1,0,0,0,0
0,20,1,0,1,1,0,0,1,0,0,0
0,28,0,1,1,1,0,0,1,0,0,0
0,7,0,1,1,0,0,0,1,0,0,1
0,21,1,0,0,0,0,0,1,0,0,0
0,17,1,0,1,1,0,1,0,0,0,0
0,34,0,0,0,0,1,0,1,0,0,0
0,35,0,0,1,0,1,0,1,0,0,0
0,11,0,0,1,0,0,0,1,0,0,1
0,60,0,1,1,0,0,1,0,0,0,1
3,30,0,0,0,0,0,1,0,0,1,0
0,56,0,0,0,0,0,1,0,0,0,0
0,64,0,1,0,0,0,0,1,0,0,0
0,84,0,0,1,0,0,0,1,0,0,0
0,13,0,1,0,0,0,0,1,0,0,0
0,35,1,0,1,0,0,1,0,0,0,0
0,42,1,0,0,1,0,0,1,0,0,0
0,85,1,0,1,0,0,0,1,0,0,0
1,57,0,1,0,1,0,1,0,0,0,1
1,16,0,1,0,0,0,0,0,0,0,1
0,32,0,1,1,0,0,0,0,0,0,0
0,55,0,1,0,1,0,0,1,0,0,0
0,12,1,0,1,0,1,0,1,0,0,0
2,14,0,1,0,0,1,1,0,0,0,1
0,48,0,0,1,0,0,0,1,0,0,0
0,8,0,1,1,0,0,0,1,0,0,0
1,37,0,1,1,1,0,0,1,0,0,1
0,66,0,1,1,1,0,0,1,0,0,0
0,79,0,0,0,1,0,0,1,0,0,0
1,21,0,1,1,0,0,0,1,0,0,1
4,64,0,0,1,0,0,0,1,0,0,1
0,20,0,1,1,0,0,0,1,0,0,0
0,45,1,0,0,1,0,0,1,0,0,0
0,23,0,1,0,0,0,0,1,0,0,0
1,88,0,1,0,0,0,0,1,0,0,1
0,78,0,1,0,1,0,0,1,0,0,0
0,67,0,1,1,0,1,0,1,1,0,0
0,55,1,0,0,0,0,1,0,0,0,0
0,6,0,1,1,0,0,1,0,0,0,0
0,20,0,0,1,0,0,0,1,0,0,0
0,113,1,0,0,0,1,0,1,0,0,0
0,32,1,0,0,0,0,0,1,0,0,0
0,40,0,1,0,0,0,0,1,0,0,1
0,37,0,1,1,1,0,0,1,0,0,0
0,4,0,1,0,0,1,1,0,0,0,1
0,6,0,0,1,0,0,1,0,0,0,0
0,36,0,1,0,0,0,0,1,0,0,0
1,10,0,0,1,1,0,0,1,0,0,1
0,18,0,1,0,0,0,0,1,0,0,0
0,14,0,1,0,1,0,1,0,0,0,0
4,11,0,0,0,1,0,0,1,0,0,1
0,56,1,0,0,0,0,0,1,0,0,0
0,35,0,0,0,0,0,0,1,0,0,0
6,16,0,0,0,0,0,1,0,1,0,1
0,49,0,0,0,0,0,1,0,0,0,0
0,59,0,0,1,1,0,0,1,0,0,0
1,57,0,0,1,0,0,0,1,0,0,1
0,18,1,0,0,0,0,0,0,0,0,0
0,76,1,0,1,1,0,0,1,0,0,0
0,8,1,0,0,0,0,0,1,0,0,0
0,33,0,0,0,0,0,0,1,0,0,0
9,52,1,0,1,0,0,1,0,0,1,0
0,18,0,0,0,0,0,0,1,0,0,0
6,77,0,1,1,1,0,1,0,1,0,1
0,20,0,1,1,0,0,1,0,0,0,0
5,11,0,1,0,0,0,1,0,0,0,1
0,50,0,0,0,1,0,0,1,0,0,0
6,10,1,0,1,0,0,1,0,0,0,1
0,43,0,1,0,0,1,0,1,0,0,1
0,24,0,1,1,1,0,0,1,0,0,0
0,62,0,1,1,1,0,0,1,0,0,0
0,24,0,0,1,1,0,0,1,1,0,0
0,15,0,1,1,0,0,0,1,0,0,0
0,49,0,0,1,0,0,0,1,0,0,0
0,29,0,1,0,1,0,0,1,0,0,0
0,34,0,0,0,0,0,0,1,0,0,0
0,28,1,0,0,0,0,0,1,0,0,0
0,6,0,1,1,0,0,0,0,0,0,0
0,22,0,0,1,0,0,0,1,0,0,0
0,35,0,0,1,1,0,0,1,0,0,0
1,17,1,0,0,0,1,0,1,0,0,1
3,14,1,0,0,0,0,1,0,0,0,1
0,30,0,0,0,0,0,0,1,0,0,0
0,33,0,0,0,0,0,0,1,0,0,0
0,51,0,0,1,1,0,0,1,0,0,0
4,83,0,0,0,1,0,1,0,0,0,1
0,10,0,1,1,0,0,0,0,0,0,0
0,80,0,1,1,1,0,0,1,0,0,0
0,14,0,0,1,0,0,1,0,0,0,0
0,3,0,0,0,0,0,1,0,1,0,0
0,21,0,0,1,0,0,1,0,0,0,0
0,39,0,1,0,1,0,1,0,0,0,0
0,23,0,1,0,1,0,1,0,0,0,0
1,11,0,1,1,0,0,0,0,0,0,1
0,44,0,0,0,0,1,0,1,0,0,0
0,13,0,0,0,0,0,0,1,0,0,0
0,21,0,1,1,1,0,0,1,0,0,0
0,12,0,0,0,0,0,0,1,0,0,0
1,15,0,0,0,0,0,0,1,1,0,1
0,15,1,0,0,0,0,1,0,0,0,1
0,65,0,0,0,1,0,0,1,0,0,0
0,43,0,1,1,1,0,0,1,0,0,0
2,11,0,0,1,0,0,1,0,0,0,1
2,24,0,0,1,0,0,1,0,0,1,0
0,18,0,0,0,0,0,1,0,0,0,0
0,17,1,0,0,0,0,0,1,0,0,0
0,69,0,0,0,1,0,0,1,0,0,0
0,14,1,0,0,0,0,1,0,0,0,0
0,29,0,1,1,0,0,0,1,0,0,0
0,50,1,0,1,0,0,1,0,0,0,0
5,49,0,0,1,1,0,0,1,0,0,1
0,22,0,0,1,0,0,0,1,0,0,0
0,20,0,0,0,0,0,1,0,0,0,1
0,19,0,0,1,0,0,0,1,0,0,0
2,60,0,1,1,1,0,0,1,0,0,1
0,21,0,1,0,0,0,0,1,0,0,1
0,10,1,0,1,0,0,0,1,0,0,1
7,14,0,1,0,0,1,1,0,0,0,1
0,34,0,0,1,0,0,0,1,0,0,0
5,59,0,0,1,0,0,1,0,0,0,1
0,60,0,1,1,0,0,1,0,0,0,1
0,2,0,1,1,0,0,1,0,0,0,0
0,17,1,0,0,0,0,0,1,0,0,0
0,22,1,0,0,0,0,0,1,0,0,0
0,51,0,0,0,0,0,0,0,0,0,1
2,64,0,0,0,0,0,0,0,0,0,1
0,7,0,0,0,0,0,1,0,0,0,0
8,42,0,1,0,0,0,0,1,0,0,1
0,58,0,0,0,0,1,0,1,0,0,0
8,5,0,0,0,0,0,1,0,1,0,1
0,81,0,1,0,1,0,0,1,0,0,0
0,57,0,1,0,1,0,0,1,0,0,0
0,47,0,1,0,0,0,0,1,0,0,0
0,41,0,0,1,1,0,0,1,0,0,0
10,41,1,0,1,0,0,1,0,0,0,1
0,37,0,0,0,0,0,0,1,0,0,0
0,9,0,0,0,0,1,0,1,0,0,1
0,11,0,1,1,0,0,0,1,0,0,1
0,12,1,0,1,0,0,0,1,0,0,1
1,90,0,1,0,0,1,0,1,0,0,1
0,18,0,1,1,0,0,0,1,0,0,0
0,33,0,1,1,0,0,1,0,0,0,1
0,18,0,1,1,0,1,1,0,0,0,0
0,53,1,0,1,0,1,0,1,0,0,0
0,83,1,0,0,1,0,0,1,0,0,0
4,3,1,0,0,0,0,1,0,0,0,1
0,41,1,0,1,1,0,0,1,0,0,0
0,31,1,0,1,0,0,1,0,0,0,0
4,78,1,0,0,0,0,1,0,0,0,1
0,15,0,0,0,0,0,0,1,0,0,0
0,53,0,1,0,1,0,0,1,0,0,0
0,73,0,1,0,0,0,0,0,0,0,1
4,10,0,1,1,0,1,0,1,0,0,1
0,50,0,0,0,1,0,0,0,0,0,0
0,45,0,1,0,0,0,0,1,0,0,1
0,9,1,0,0,0,0,0,1,0,0,0
3,106,0,0,1,1,0,1,0,0,0,1
3,19,0,1,1,0,0,0,0,0,0,1
8,64,0,0,0,1,0,0,1,0,0,1
0,22,0,1,1,0,0,1,0,0,0,0
7,9,0,0,1,0,0,1,0,1,1,0
0,45,0,1,1,0,1,0,1,0,0,1
9,27,0,1,1,0,0,1,0,0,0,1
0,29,0,1,1,0,0,0,0,0,0,1
0,59,0,1,1,0,1,0,1,0,0,0
0,69,1,0,0,1,0,0,1,0,0,0
0,64,1,0,0,1,0,0,1,0,0,0
4,14,0,1,0,1,0,1,0,1,0,1
0,11,0,0,1,0,0,1,0,0,0,1
0,11,0,1,0,0,0,1,0,0,0,0
0,5,1,0,0,0,1,0,1,0,0,0
0,24,1,0,1,0,0,0,1,0,0,0
7,25,0,1,0,0,0,0,1,0,0,1
0,29,0,1,1,1,0,1,0,0,0,0
0,8,0,1,1,0,0,1,0,0,1,0
0,14,0,0,1,0,0,0,1,0,0,0
0,80,0,1,0,1,0,0,0,0,0,0
0,30,1,0,1,0,0,0,1,0,0,1
0,14,1,0,0,1,0,0,1,0,0,0
2,11,0,0,0,0,0,1,0,0,0,1
0,38,1,0,1,1,0,0,1,0,0,0
4,8,0,0,1,0,0,0,1,0,0,1
0,30,1,0,0,0,0,0,1,0,0,0
0,33,0,1,1,1,0,0,1,0,0,0
1,37,0,1,1,1,0,0,1,0,1,0
0,1,0,1,1,0,0,0,0,0,0,0
0,9,1,0,1,0,1,0,1,0,0,1
2,55,0,0,1,0,1,0,1,0,0,1
0,4,0,0,1,0,1,0,1,0,0,1
0,13,0,1,1,0,0,0,1,0,0,1
0,60,0,0,1,0,1,0,1,0,0,0
3,32,0,0,1,0,0,0,1,0,0,1
0,12,0,1,1,0,0,1,0,0,0,1
0,37,1,0,0,1,0,0,1,0,0,0
0,8,0,0,1,0,0,1,0,0,0,0
5,18,1,0,1,0,0,0,1,0,0,1
0,58,0,1,0,1,0,0,1,0,0,0
8,31,1,0,0,0,0,0,1,0,0,1
3,71,1,0,1,0,0,0,1,0,0,1
0,2,1,0,1,0,0,0,1,0,0,0
0,10,0,0,1,0,1,0,1,0,0,0
0,20,0,1,1,0,0,1,0,0,0,1
0,79,1,0,0,1,0,0,1,0,0,0
0,32,0,0,0,0,1,0,1,1,0,0
0,49,0,1,0,0,0,0,1,0,0,0
0,15,1,0,0,1,0,0,1,0,0,0
0,20,0,0,1,0,0,1,0,0,0,1
2,25,1,0,0,0,0,1,0,0,0,1
0,18,0,0,1,0,1,1,0,0,0,0
0,45,0,0,0,0,0,0,1,0,0,1
0,51,1,0,0,1,0,0,1,0,0,0
0,22,0,0,1,1,0,0,1,0,0,0
8,95,1,0,1,1,0,0,1,0,0,1
0,49,0,1,1,0,1,1,0,0,0,0
0,1,1,0,0,0,0,0,0,0,0,0
0,7,0,1,1,0,0,0,1,0,0,0
0,17,0,0,0,1,0,0,1,0,0,1
0,25,0,1,0,0,1,0,1,0,0,0
0,2,0,0,1,0,0,1,0,0,0,0
0,28,0,1,0,0,0,1,0,0,0,0
0,6,0,0,1,0,0,1,0,0,0,0
0,23,0,0,1,0,1,0,1,1,0,0
5,28,0,1,1,0,0,1,0,1,0,1
2,94,1,0,1,1,0,0,1,0,0,1
0,30,0,1,0,1,0,0,1,0,0,0
6,99,0,1,1,0,0,1,0,0,0,1
0,43,1,0,0,0,0,0,1,0,0,0
0,6,0,0,0,0,0,1,0,0,0,0
1,77,1,0,0,0,1,1,0,0,0,1
1,30,0,1,0,1,0,0,0,0,0,1
0,41,0,1,1,1,0,0,1,1,0,0
5,35,0,1,0,0,0,1,0,0,0,1
0,27,0,1,0,1,0,0,1,0,0,1
0,8,0,1,1,0,0,0,1,0,0,0
0,7,0,0,1,0,0,1,0,0,0,1
7,7,0,0,1,0,0,1,0,0,0,1
0,9,1,0,1,0,0,0,1,0,0,1
0,33,0,1,0,1,0,0,1,0,0,1
0,18,0,1,0,0,0,0,1,0,0,0
0,71,1,0,1,0,0,0,1,0,1,0
0,32,1,0,0,0,0,0,1,0,0,1
0,40,1,0,0,1,0,0,1,0,0,0
0,7,0,1,1,1,0,1,0,0,0,0
0,24,1,0,0,0,0,0,1,0,0,0
1,25,0,0,1,0,0,1,0,1,0,1
0,9,0,1,0,0,0,0,1,0,0,0
0,37,0,0,1,0,0,0,1,0,0,0
5,31,0,0,0,0,0,0,1,1,0,1
0,24,0,1,0,1,0,0,1,0,0,0
0,24,0,1,0,0,0,0,1,0,0,1
0,18,0,0,0,0,1,0,1,0,0,1
9,62,1,0,1,1,0,0,1,0,0,1
1,32,1,0,1,0,0,0,1,0,0,1
10,104,0,0,1,0,0,1,0,0,1,0
0,39,0,0,1,1,0,0,1,0,0,1
0,14,0,0,1,0,0,1,0,0,0,1
0,40,0,1,0,1,0,0,1,0,0,0
0,8,0,1,1,0,1,1,0,0,0,0
0,8,0,1,1,0,0,0,1,0,0,0
6,9,0,0,1,0,0,0,0,0,0,1
1,24,0,0,0,1,0,0,1,0,0,1
0,6,0,0,1,0,0,0,1,0,0,0
3,26,0,0,1,0,0,1,0,0,0,1
0,17,0,1,0,0,1,0,1,0,0,0
0,4,0,0,0,0,0,1,0,0,0,0
10,21,1,0,1,0,0,1,0,0,0,1
9,49,0,1,0,0,0,1,0,0,0,1
1,32,1,0,1,1,0,1,0,0,0,1
1,41,0,0,0,1,0,0,1,0,0,1
0,23,0,0,0,0,0,0,0,0,0,1
0,21,0,1,1,0,0,1,0,0,0,0
0,44,0,1,1,1,0,0,1,0,0,0
0,12,1,0,0,0,0,1,0,0,0,0
3,18,1,0,0,0,0,0,0,0,0,1
0,18,0,1,1,0,1,0,1,0,0,0
3,32,0,1,1,0,0,0,0,0,1,0
0,35,0,1,1,1,0,0,1,0,0,0
0,22,0,1,0,0,0,0,1,0,0,0
0,23,0,1,1,0,0,0,1,0,0,0
0,61,0,1,1,0,0,0,0,0,0,1
0,29,0,0,1,0,0,1,0,0,0,1
0,17,0,1,1,0,0,0,1,0,0,1
0,24,0,1,0,0,0,0,1,0,0,0
0,13,1,0,1,0,0,1,0,0,0,1
0,10,0,1,1,0,0,0,1,0,0,1
0,15,0,1,1,0,0,1,0,0,0,0
0,32,0,1,1,0,0,0,1,0,0,0
0,6,0,1,1,0,1,1,0,0,0,0
0,41,0,1,0,1,0,0,1,0,0,0
0,31,0,1,1,1,0,0,1,0,0,0
0,27,0,1,1,1,0,0,1,0,0,0
0,30,1,0,0,0,0,0,1,0,0,0
3,21,1,0,0,0,0,0,1,0,0,1
0,22,0,0,0,0,0,0,1,0,0,1
0,63,0,1,0,0,0,0,1,0,0,0
0,30,1,0,1,0,0,0,1,0,0,0
0,13,0,0,1,0,0,0,1,0,0,1
0,35,0,1,0,1,0,0,1,0,0,0
0,25,1,0,0,0,0,0,1,0,0,1
0,13,0,1,1,0,0,1,0,0,0,0
0,35,0,1,0,0,0,0,1,0,0,0
0,66,1,0,1,1,0,0,1,0,0,0
0,2,0,0,1,0,0,0,0,0,0,0
0,58,0,0,0,1,0,0,1,0,0,1
4,17,1,0,0,0,0,0,1,0,0,1
0,24,0,0,1,0,0,0,1,0,0,0
1,56,0,0,0,0,0,0,1,0,0,1
0,15,0,1,0,1,0,1,0,0,0,0
0,7,0,0,0,0,0,0,1,1,0,0
0,9,0,0,1,0,0,0,1,1,0,0
0,41,0,1,1,0,0,0,1,0,0,0
0,19,0,1,0,0,0,0,1,0,0,1
0,58,0,0,0,1,0,0,1,0,0,0
0,10,1,0,0,0,0,0,1,0,0,1
0,23,0,0,0,0,0,1,0,0,0,1
0,42,0,1,0,0,0,0,1,0,0,1
0,9,0,1,1,0,0,1,0,0,0,1
2,22,1,0,1,0,0,0,1,0,0,1
0,25,1,0,1,0,0,1,0,0,0,0
0,75,0,0,1,1,0,0,1,0,0,0
2,18,0,1,1,0,0,0,1,0,0,1
0,35,0,1,1,0,1,0,0,0,0,0
2,57,0,1,0,1,0,0,1,0,0,1
0,19,1,0,1,0,0,0,1,0,0,1
0,14,1,0,0,0,0,0,1,0,0,1
4,38,0,1,0,1,0,0,1,0,0,1
0,25,1,0,0,0,0,0,1,0,0,0
0,14,0,1,1,0,0,0,1,0,0,1
0,2,1,0,1,0,0,0,1,0,0,0
3,11,0,0,0,0,0,0,1,0,0,1
1,29,0,0,1,0,0,0,0,0,0,1
0,19,0,1,1,0,0,0,1,0,0,0
0,6,1,0,0,0,0,1,0,0,0,0
0,23,0,0,1,1,0,0,1,1,0,0
0,10,0,1,0,0,0,1,0,0,0,0
0,37,0,1,0,0,0,1,0,0,0,0
0,93,0,0,1,0,0,0,0,0,0,1
0,62,0,0,0,0,0,0,1,0,0,0
1,49,0,0,1,0,1,0,1,0,1,0
4,7,1,0,0,0,0,0,0,0,0,1
0,69,0,1,1,1,0,0,0,0,0,0
1,37,1,0,0,0,0,0,1,0,0,1
1,35,0,1,1,0,1,0,1,0,0,1
7,48,1,0,0,0,0,0,1,0,0,1
1,21,1,0,0,0,0,0,1,0,0,1
0,28,0,1,0,0,0,1,0,0,0,1
0,65,0,0,0,1,0,0,1,0,0,1
7,62,0,0,1,1,0,0,0,0,1,0
0,7,1,0,0,0,0,0,1,0,0,0
0,59,0,1,0,1,0,0,1,0,0,0
0,15,0,1,1,0,0,0,1,0,0,0
1,31,0,0,0,0,0,0,1,0,0,1
0,69,1,0,0,1,0,0,1,0,0,0
0,7,0,1,1,0,0,1,0,0,0,0
0,25,0,0,0,0,1,1,0,0,0,0
0,12,0,0,0,0,0,0,1,0,0,0
5,11,0,0,0,0,0,1,0,0,0,1
0,66,1,0,0,0,0,0,1,0,0,1
0,7,0,1,0,0,0,1,0,0,0,0
0,11,1,0,0,0,0,1,0,0,0,0
1,16,0,0,1,0,0,0,1,0,0,1
0,16,0,0,1,0,1,1,0,1,0,0
0,50,1,0,1,1,0,0,1,0,0,0
3,45,0,0,0,0,0,0,1,0,0,1
0,8,1,0,0,0,0,0,1,0,0,0
5,17,0,1,1,0,0,1,0,0,0,1
0,24,0,1,1,1,0,0,1,0,0,0
0,30,0,1,1,0,0,1,0,0,0,0
0,19,1,0,1,0,0,0,1,0,0,0
2,35,0,0,0,0,0,0,1,0,0,1
0,46,0,0,0,0,0,0,1,1,0,1
0,56,0,1,0,1,0,0,1,0,0,0
3,28,0,1,1,0,0,1,0,0,0,1
0,30,0,1,1,0,0,0,1,0,0,0
1,10,0,0,1,0,0,0,1,1,0,1
0,4,0,1,0,0,0,1,0,0,0,0
0,15,1,0,1,0,0,0,1,0,0,1
0,18,0,1,0,0,0,0,1,0,0,0
0,46,1,0,1,1,0,0,1,0,0,0
0,9,0,1,1,0,0,0,1,0,0,0
0,19,0,0,0,0,0,1,0,0,0,0
0,25,1,0,1,1,0,0,1,0,0,0
0,27,0,1,0,1,0,1,0,0,0,0
7,18,1,0,0,0,0,0,1,0,0,1
0,24,0,1,0,0,0,0,1,0,0,0
0,74,0,0,1,1,0,0,1,0,0,0
0,57,1,0,0,1,0,1,0,0,0,0
0,92,1,0,0,1,0,0,1,0,0,0
6,14,0,1,0,1,0,1,0,0,0,1
2,12,0,1,1,1,0,0,1,0,0,1
0,12,0,0,1,0,0,1,0,0,0,0
0,8,0,1,1,1,0,0,0,0,0,0
1,28,0,1,0,0,0,0,1,0,0,1
0,36,0,0,1,0,0,0,1,1,0,0
0,11,0,1,1,0,0,0,1,1,0,0
0,4,0,1,1,0,0,0,1,0,0,0
4,47,0,0,0,1,0,0,1,1,0,1
0,11,0,0,1,0,0,0,1,0,0,0
2,10,1,0,0,0,0,1,0,0,0,1
0,15,0,0,1,0,0,0,1,0,0,0
2,3,1,0,0,0,0,0,0,0,0,1
0,9,0,0,1,0,0,0,1,0,0,0
0,8,1,0,0,0,0,1,0,0,0,1
5,23,0,1,1,1,0,1,0,0,0,1
0,37,0,1,0,1,0,0,1,0,0,0
0,6,0,0,1,1,0,1,0,0,0,0
0,33,0,0,0,0,0,0,1,0,0,1
1,49,0,0,0,0,0,0,1,0,0,1
0,64,0,1,0,1,0,0,1,0,0,0
0,12,0,0,1,0,0,0,1,0,0,0
0,22,0,0,0,0,0,0,1,1,0,1
0,48,0,1,0,0,0,0,1,0,0,0
0,30,0,1,0,1,0,0,1,0,0,1
0,24,0,0,0,0,1,0,1,0,0,1
0,15,0,1,1,1,0,0,1,0,0,1
3,4,0,1,1,0,0,1,0,0,0,1
1,28,0,0,0,0,0,0,1,0,0,1
0,21,0,1,1,0,0,1,0,0,0,0
0,97,0,1,1,1,0,0,1,0,0,1
0,21,0,0,1,0,0,0,1,0,0,1
0,14,0,0,1,0,0,0,1,0,0,1
0,8,0,1,1,0,0,0,1,1,0,0
4,60,0,0,0,1,0,0,1,0,0,1
2,18,1,0,1,0,1,0,1,0,0,1
7,50,1,0,0,0,0,0,1,0,0,1
0,36,0,0,0,1,0,1,0,0,0,0
0,26,0,1,1,0,1,1,0,0,0,0
0,10,0,0,1,0,0,1,0,1,0,1
0,13,0,0,1,0,1,0,1,0,0,0
0,1,0,1,0,0,0,1,0,0,0,0
0,54,1,0,1,1,0,0,1,0,0,0
8,41,0,0,0,0,0,1,0,0,0,1
1,16,0,1,0,0,0,0,1,0,0,1
0,18,0,0,0,0,0,1,0,0,0,0
0,34,0,0,1,0,0,0,1,0,0,0
0,12,0,0,0,0,0,0,1,0,0,0
1,17,0,0,1,0,0,1,0,0,1,0
0,50,0,1,1,0,0,0,1,0,0,0
0,56,0,0,0,1,0,0,1,0,0,0
8,39,0,1,0,0,0,0,1,0,0,1
0,5,0,0,1,0,1,1,0,0,0,0
9,93,0,0,1,1,0,0,1,0,0,1
0,7,0,0,0,0,0,1,0,0,0,0
0,27,1,0,1,1,0,1,0,0,0,0
0,36,1,0,1,1,0,0,1,0,0,0
4,44,0,1,0,0,0,1,0,0,0,1
0,30,0,1,0,0,0,0,1,0,0,0
0,20,0,1,1,0,0,1,0,0,0,0
0,14,0,1,0,0,0,1,0,0,0,0
9,17,1,0,0,1,0,1,0,0,0,1
0,8,0,0,1,0,0,0,1,0,0,0
0,17,0,1,1,0,0,0,1,0,0,0
0,84,0,1,0,1,0,0,1,0,0,0
0,24,0,1,1,0,1,0,1,0,0,0
2,16,0,1,0,0,0,0,1,0,0,1
0,22,0,1,1,0,0,0,1,0,0,0
0,51,0,0,0,0,0,0,1,0,0,0
8,78,1,0,1,1,0,0,1,0,0,1
0,7,1,0,0,0,0,0,0,0,0,1
0,28,0,1,1,0,0,0,0,0,0,1
1,18,1,0,1,0,1,0,1,0,0,1
0,16,1,0,0,0,1,0,1,0,0,0
1,15,0,1,1,0,0,0,1,0,0,1
3,9,0,0,0,0,0,1,0,1,1,0
0,18,1,0,1,0,1,0,1,0,0,0
0,17,0,0,1,0,1,1,0,0,0,0
0,18,0,1,1,0,1,1,0,0,0,1
3,35,0,0,0,0,0,0,1,0,0,1
4,14,0,0,0,0,0,0,1,1,0,1
0,0,1,0,0,0,0,0,0,0,0,0
0,27,0,0,0,0,0,0,1,0,0,0
0,9,1,0,0,0,0,0,1,0,0,0
1,42,0,1,1,0,0,0,0,0,0,1
0,51,0,1,1,1,0,0,1,0,0,0
0,8,0,1,1,0,0,1,0,0,0,0
1,34,0,0,0,0,0,0,1,0,0,1
1,30,1,0,0,0,0,0,1,0,0,1
0,22,0,1,0,0,0,0,1,0,0,0
1,7,0,1,1,0,0,0,1,0,1,0
0,23,1,0,0,0,0,1,0,0,0,1
0,13,1,0,1,0,0,0,1,0,0,0
0,40,0,0,1,0,0,0,1,0,0,0
0,43,0,0,0,0,0,0,1,0,0,0
0,6,1,0,0,0,0,0,1,0,0,0
3,20,0,0,0,0,0,1,0,0,0,1
0,14,0,0,0,0,1,0,1,0,0,0
5,13,0,1,1,0,0,0,1,0,0,1
4,31,0,1,0,0,0,1,0,0,0,1
0,10,0,1,1,0,1,0,1,0,0,1
0,16,1,0,0,0,0,0,1,0,0,0
2,19,1,0,0,0,0,0,1,0,0,1
0,19,0,1,0,1,0,0,1,0,0,0
4,14,0,1,1,0,0,1,0,0,0,1
0,24,1,0,0,0,0,0,1,0,0,0
0,14,0,0,1,0,0,1,0,0,0,1
0,21,1,0,1,0,0,0,1,0,0,0
0,8,1,0,1,0,0,0,1,0,0,0
3,21,1,0,0,0,0,0,0,0,0,1
0,28,0,1,0,1,0,1,0,0,0,0
0,10,0,0,1,0,0,0,1,1,0,0
0,92,1,0,0,0,0,1,0,0,0,0
0,46,0,1,0,0,0,0,1,0,0,0
2,17,0,1,1,0,0,0,1,0,1,0
0,65,1,0,1,1,0,0,0,0,0,0
0,42,1,0,0,0,1,0,1,0,0,0
0,9,0,0,1,0,0,1,0,0,0,1
0,26,1,0,1,0,0,0,1,0,0,0
0,39,0,0,1,0,0,0,1,0,0,0
0,48,0,1,1,1,0,0,1,0,0,0
1,42,0,0,0,0,0,0,1,0,0,1
0,36,1,0,0,0,0,0,1,0,0,0
0,21,0,0,0,0,0,0,1,0,0,0
0,1,0,0,1,0,1,0,1,0,0,0
0,50,1,0,1,0,0,1,0,0,0,0
0,25,0,1,0,1,0,0,1,0,0,0
0,23,0,1,0,0,0,0,1,0,0,1
0,24,0,1,0,0,0,0,1,0,0,0
0,15,0,0,1,0,0,1,0,0,0,0
0,71,1,0,0,0,1,0,1,0,0,0
2,14,0,1,1,0,0,0,1,0,0,1
0,8,0,1,0,0,0,1,0,0,0,0
5,84,0,0,1,0,0,0,1,0,0,1
0,39,0,0,0,1,0,0,1,0,0,0
3,26,0,0,0,0,0,0,1,0,0,1
5,35,0,1,0,0,0,0,1,0,0,1
0,25,0,0,0,1,0,0,1,0,0,0
0,31,0,1,1,1,0,0,1,0,0,0
0,3,0,0,1,0,0,0,1,0,0,0
0,32,0,0,0,0,0,0,1,0,0,0
0,59,0,0,1,0,0,0,1,0,0,0
0,39,1,0,1,1,0,0,1,0,0,0
0,23,0,1,0,0,0,0,1,0,0,0
0,33,0,1,0,0,0,0,0,0,0,0
0,3,0,0,0,0,0,1,0,0,0,1
0,26,1,0,1,0,0,0,1,0,0,0
0,20,1,0,0,0,0,0,1,0,0,1
0,3,0,1,1,0,0,1,0,0,0,0
0,42,0,1,0,0,0,1,0,0,0,0
0,64,0,1,1,1,0,0,1,0,0,0
7,15,1,0,1,0,0,0,0,0,0,1
0,44,1,0,1,0,0,0,1,0,0,0
0,21,0,1,0,1,0,0,1,0,0,1
0,15,0,0,0,0,1,0,1,0,0,0
0,33,0,0,0,0,0,0,1,0,0,0
0,28,1,0,1,0,1,0,1,0,0,1
0,41,1,0,0,1,0,0,1,0,0,0
0,42,1,0,1,0,0,0,1,0,0,0
0,4,0,1,0,0,0,0,1,0,0,0
0,27,0,0,0,1,0,1,0,0,0,0
0,5,0,1,1,0,0,0,1,0,0,0
6,25,0,1,0,0,0,1,0,0,0,1
0,95,1,0,0,1,0,0,1,0,0,0
0,16,0,0,0,0,0,0,1,0,0,0
0,61,0,0,0,0,0,0,0,0,0,1
0,35,0,0,1,0,0,0,1,0,0,0
2,48,0,0,0,0,0,0,1,1,0,1
0,14,1,0,1,1,0,0,1,0,0,0
0,19,0,1,1,0,0,0,0,0,0,0
0,40,0,0,1,0,1,0,1,1,0,0
0,75,1,0,1,1,0,0,1,0,0,0
0,18,0,0,0,0,0,1,0,0,0,0
0,9,1,0,1,0,0,0,1,0,0,1
0,13,1,0,0,0,0,1,0,0,0,0
1,4,0,0,0,0,0,0,0,1,0,1
4,1,0,0,0,0,0,0,0,0,0,1
3,20,0,1,1,0,1,0,1,0,0,1
1,14,0,1,0,0,0,0,1,0,0,1
0,27,0,0,0,0,0,0,1,0,0,1
0,17,0,0,1,0,0,0,1,0,0,0
0,28,0,1,1,0,1,0,0,0,0,1
0,18,1,0,1,1,0,0,0,0,0,1
1,32,0,1,0,0,0,0,1,0,0,1
0,3,0,1,1,0,0,0,1,0,0,0
0,7,0,0,0,0,0,1,0,0,0,0
0,20,0,1,0,0,0,0,1,0,0,0
0,36,0,1,0,1,0,0,1,0,0,0
0,26,0,1,0,1,0,1,0,0,0,0
0,45,0,0,1,1,0,0,1,0,0,0
0,8,0,1,0,0,0,0,1,0,0,0
0,7,0,0,1,0,0,0,1,0,0,0
0,67,0,0,1,1,0,0,1,0,0,0
0,13,0,1,1,0,0,0,1,0,0,0
0,1,0,1,1,0,0,1,0,0,0,1
9,78,0,0,1,0,0,1,0,1,0,1
0,47,0,0,0,1,0,1,0,1,0,0
0,2,0,1,1,0,0,0,0,0,0,0
0,42,0,1,0,0,0,0,1,0,0,0
0,38,0,0,1,0,0,1,0,0,0,1
0,20,0,1,0,1,0,1,0,0,0,0
2,8,0,1,1,0,0,0,1,0,0,1
0,63,0,1,1,1,0,0,1,0,0,0
0,55,0,1,1,1,0,0,1,0,0,0
2,8,0,1,1,0,0,0,1,0,0,1
0,49,1,0,1,0,1,0,1,0,0,1
0,27,0,1,0,1,0,0,1,0,0,0
1,32,0,1,0,0,1,0,1,0,0,1
0,45,0,0,1,0,0,0,1,0,0,1
1,23,0,1,1,0,0,0,1,0,0,1
8,24,0,1,0,0,0,1,0,0,0,1
4,9,0,1,0,0,0,1,0,0,0,1
5,23,1,0,0,1,0,0,1,0,0,1
0,62,0,0,0,1,0,0,1,0,0,0
0,18,0,0,0,0,0,1,0,0,0,0
0,9,0,0,0,0,0,0,1,0,0,1
0,88,1,0,0,1,0,0,1,0,0,0
0,29,1,0,0,1,0,1,0,0,0,0
1,48,0,0,0,1,0,0,1,0,0,1
1,92,0,1,0,0,0,1,0,0,0,1
3,43,0,0,1,0,0,1,0,0,0,1
0,50,0,1,0,1,0,0,1,0,0,0
0,10,1,0,0,0,0,0,1,1,0,1
0,81,0,1,0,1,0,0,1,0,0,0
0,47,1,0,0,1,0,0,1,0,0,0
8,84,0,0,1,0,0,1,0,0,1,0
0,6,0,1,0,0,0,1,0,0,0,0
0,10,1,0,0,1,0,1,0,0,0,0
0,6,0,0,1,0,0,1,0,0,0,0
0,49,0,0,0,1,0,0,1,1,0,0
0,8,1,0,1,0,0,0,1,0,0,0
0,24,1,0,1,0,0,0,1,0,0,1
0,49,1,0,1,0,0,0,1,0,0,1
0,77,0,1,0,1,0,0,1,0,0,0
0,28,0,1,0,0,0,1,0,0,0,1
1,10,1,0,0,0,0,0,1,0,1,0
0,46,0,0,0,1,0,0,1,0,0,0
0,15,0,0,0,0,0,1,0,0,0,0
0,10,0,0,1,0,0,0,1,0,0,1
0,20,0,1,0,0,0,1,0,0,0,0
0,66,1,0,1,1,0,0,1,0,0,0
0,15,0,0,0,0,0,1,0,1,0,0
0,42,0,0,1,0,0,0,1,0,0,0
0,36,0,0,1,0,0,0,1,0,0,1
0,17,1,0,0,0,0,0,1,0,0,0
0,23,1,0,1,0,0,0,0,0,0,0
1,98,0,1,1,0,0,0,1,0,0,1
0,46,0,1,0,0,0,0,1,0,0,0
5,22,1,0,1,0,0,0,1,0,0,1
6,31,0,0,0,1,0,1,0,0,0,1
0,8,1,0,1,0,0,0,1,0,0,0
0,15,0,1,1,0,1,0,1,0,0,0
0,27,0,1,0,0,0,0,1,0,0,1
4,20,0,0,0,0,0,0,1,0,0,1
0,17,1,0,0,1,0,1,0,0,0,0
0,58,1,0,0,0,0,1,0,0,0,1
9,26,1,0,0,0,0,0,1,0,0,1
0,6,0,1,1,0,0,1,0,0,0,1
1,96,0,1,0,0,0,0,1,0,0,1
0,22,0,1,0,0,0,1,0,0,0,0
0,50,1,0,1,1,0,0,1,0,0,0
0,49,1,0,1,1,0,0,1,0,0,0
0,29,0,0,0,1,0,0,0,0,0,1
0,29,0,1,1,0,0,0,1,0,0,1
0,3,0,0,1,0,0,0,1,0,0,1
0,18,0,1,1,0,0,0,1,0,0,1
0,3,1,0,1,0,0,0,1,0,0,0
0,34,0,1,1,1,0,0,1,0,0,0
0,34,0,0,0,0,0,1,0,0,0,1
0,9,0,1,0,0,1,1,0,0,0,0
0,20,0,0,0,0,0,0,1,0,0,0
0,48,0,1,1,0,0,0,1,0,0,1
7,33,0,0,1,0,0,0,1,0,0,1
0,48,0,0,1,0,0,0,1,0,0,0
0,24,1,0,1,0,0,0,1,0,0,0
3,26,0,1,0,0,0,0,0,0,0,1
0,5,0,1,1,0,0,1,0,0,0,0
0,12,1,0,1,0,0,0,1,0,0,0
0,5,0,0,1,0,0,1,0,0,0,0
1,19,0,1,0,0,0,0,1,0,0,1
1,21,0,1,1,0,0,0,1,0,0,1
1,22,0,0,1,0,0,0,1,0,1,0
6,12,0,0,0,0,1,1,0,0,0,1
0,28,0,1,1,0,0,0,1,0,0,0
0,32,0,1,1,0,0,1,0,0,0,0
1,80,1,0,0,0,1,0,0,0,1,0
0,36,0,1,0,0,1,0,1,0,0,1
7,12,1,0,0,0,0,0,1,0,0,1
0,41,1,0,1,0,0,0,1,0,0,0
1,17,0,0,0,0,0,0,1,1,0,1
1,21,1,0,0,0,0,1,0,0,0,1
0,4,1,0,1,0,0,0,1,0,0,0
0,7,0,0,1,0,0,1,0,1,0,0
1,97,0,1,0,1,0,0,1,1,0,1
0,46,0,1,1,1,0,0,1,0,0,1
0,7,0,1,0,0,0,1,0,0,1,0
0,40,0,0,1,0,1,0,1,0,0,0
0,15,0,0,0,0,0,0,1,0,0,0
0,19,0,1,0,0,1,0,1,0,0,0
1,22,0,1,1,0,0,0,1,0,0,1
0,34,1,0,1,0,0,0,1,0,0,0
0,24,0,1,1,0,0,0,1,0,0,0
0,17,1,0,1,0,0,0,1,0,0,1
3,23,0,0,1,0,0,1,0,0,0,1
0,46,0,0,1,1,0,0,1,0,0,0
0,16,0,1,1,0,0,0,1,0,0,0
1,6,1,0,1,0,0,1,0,0,0,1
0,72,0,1,0,1,0,0,1,0,0,0
5,40,0,1,0,0,0,0,1,0,0,1
6,25,0,1,0,0,0,1,0,0,0,1
0,55,0,0,0,0,0,1,0,0,0,0
0,26,0,0,0,0,0,0,1,0,0,1
5,16,0,1,1,1,0,0,1,0,0,1
0,13,0,1,1,0,0,0,1,0,0,1
0,12,0,1,0,0,0,0,1,0,0,0
0,33,0,1,1,1,0,0,1,0,0,0
0,9,0,0,0,0,0,0,1,0,0,0
0,7,1,0,0,0,0,1,0,0,0,0
0,81,0,1,1,1,0,0,1,0,0,0
0,20,1,0,1,0,0,1,0,0,0,0
0,8,1,0,1,0,0,1,0,0,0,0
9,30,0,0,0,1,0,0,1,0,0,1
3,65,1,0,0,0,0,0,1,0,0,1
0,9,1,0,1,0,0,0,1,0,0,1
2,34,0,1,1,0,0,0,0,1,0,1
0,75,0,0,0,1,0,0,1,0,0,0
0,22,1,0,1,0,1,0,1,0,0,0
6,14,0,0,1,0,0,0,1,1,0,1
1,13,0,1,0,0,0,0,1,0,0,1
0,14,0,0,1,0,1,0,1,0,0,0
4,110,0,0,0,1,0,1,0,0,0,1
1,16,0,1,0,0,0,0,0,0,0,1
5,1,0,0,0,0,0,0,0,0,0,1
2,31,0,1,0,0,0,0,1,0,0,1
1,5,1,0,0,0,0,0,0,0,0,1
0,29,0,1,1,1,0,0,1,0,0,0
0,37,1,0,0,0,0,0,1,0,0,0
0,16,0,1,0,0,0,0,1,0,0,0
0,77,1,0,0,1,0,0,1,0,0,0
2,77,0,0,0,1,0,0,1,0,0,1
0,2,0,0,0,0,0,1,0,0,0,0
0,4,0,0,0,0,0,1,0,0,0,1
0,50,0,0,0,0,0,0,1,0,0,1
0,26,1,0,1,0,0,0,1,0,0,1
2,85,0,0,1,0,0,0,0,0,0,1
0,39,0,1,0,1,0,0,1,0,0,0
0,70,1,0,1,0,1,0,1,0,0,1
0,40,0,0,0,1,0,1,0,0,0,0
1,96,0,0,0,1,0,0,1,0,0,1
4,18,0,0,0,0,0,1,0,0,0,1
0,8,0,1,1,0,1,1,0,0,0,0
0,33,0,1,0,1,0,0,1,0,0,0
0,9,0,0,0,0,0,1,0,0,0,0
0,16,1,0,1,0,0,1,0,0,0,0
0,59,0,0,0,0,1,0,1,0,0,0
2,23,0,1,1,0,0,1,0,0,0,1
0,77,0,0,1,0,0,0,1,0,0,0
0,15,1,0,0,0,0,0,1,0,0,0
0,22,0,1,0,0,0,1,0,0,0,1
0,50,1,0,0,0,0,1,0,0,0,0
0,65,0,1,1,1,0,0,1,0,0,0
0,14,0,1,1,0,0,1,0,0,0,0
0,14,1,0,1,0,0,1,0,0,0,0
1,30,0,1,0,0,0,0,1,0,0,1
0,31,0,1,1,0,1,1,0,0,0,0
0,7,1,0,0,0,0,0,1,0,0,1
0,52,1,0,1,0,1,0,1,0,0,0
4,14,1,0,1,1,0,1,0,0,0,1
0,31,0,1,1,0,0,0,1,0,0,0
0,7,0,1,0,0,0,0,1,0,0,0
2,53,1,0,0,0,0,0,1,0,0,1
0,5,0,1,1,0,0,1,0,0,0,0
0,37,1,0,1,1,0,0,1,0,0,0
1,19,0,1,0,0,0,0,1,0,0,1
8,57,0,1,1,1,0,1,0,0,0,1
6,59,1,0,1,0,0,0,1,0,0,1
2,17,0,1,0,0,0,0,1,0,0,1
1,52,1,0,0,0,1,0,1,0,0,1
8,14,1,0,0,0,0,1,0,1,0,1
0,48,1,0,1,1,0,0,0,0,0,0
5,15,0,0,0,0,0,1,0,0,0,1
0,24,0,0,0,1,0,1,0,1,0,0
0,18,0,1,1,0,0,1,0,0,0,0
0,13,0,1,0,0,0,0,1,0,0,1
0,14,0,1,0,0,0,1,0,0,0,0
0,87,0,1,0,1,0,1,0,0,0,0
0,3,0,0,0,0,0,1,0,0,0,0
0,51,1,0,0,1,0,0,1,0,0,0
5,31,0,0,0,0,0,0,0,1,0,1
0,23,0,0,0,0,0,0,1,0,0,0
0,9,1,0,0,0,0,0,1,0,0,0
0,11,0,1,0,0,0,0,0,0,0,0
0,32,1,0,1,1,0,1,0,0,0,0
0,41,0,0,0,1,0,0,1,0,0,0
3,30,0,0,0,0,0,0,0,0,0,1
0,28,0,1,0,1,0,1,0,0,0,0
0,15,0,0,0,0,0,0,1,0,0,1
0,16,1,0,0,0,1,0,1,0,0,0
0,62,0,1,0,1,0,0,1,0,0,1
0,2,0,1,0,0,1,0,0,0,0,0
0,14,0,1,1,0,0,0,1,0,0,1
0,44,1,0,1,1,0,0,1,0,0,0
6,16,0,1,0,1,0,0,1,0,0,1
0,6,0,1,1,0,0,0,1,0,0,0
0,49,0,0,0,1,0,0,0,0,0,0
0,23,0,0,1,0,0,1,0,0,0,0
0,8,0,1,0,0,0,0,1,0,0,0
0,44,0,0,0,1,0,0,1,0,0,0
0,8,1,0,1,0,0,1,0,0,0,1
0,27,0,1,0,0,0,0,1,0,0,0
2,32,0,1,1,1,0,0,1,0,0,1
0,15,0,0,0,0,0,0,1,1,0,1
1,10,0,0,0,0,0,1,0,0,0,1
0,27,0,1,0,1,0,0,1,0,0,0
1,18,1,0,1,0,0,0,1,0,0,1
0,23,0,0,1,0,0,0,0,0,0,0
1,64,0,1,1,0,0,0,1,0,0,1
0,40,0,0,1,0,1,0,0,1,0,1
0,23,0,0,1,0,0,0,0,0,0,1
0,14,0,1,0,0,0,0,1,0,0,1
0,63,1,0,0,1,0,0,1,0,0,0
0,7,0,1,1,0,0,1,0,0,0,0
0,2,0,1,1,0,0,0,1,0,0,0
0,8,0,0,1,0,0,1,0,0,0,0
0,19,1,0,1,0,0,0,1,0,0,0
0,14,1,0,1,0,1,0,1,0,0,0
9,29,0,0,1,0,0,0,1,0,0,1
0,21,0,0,1,1,0,0,1,0,0,0
0,15,0,1,1,0,0,1,0,0,0,0
0,4,0,1,1,0,0,1,0,0,0,0
0,38,1,0,1,1,0,0,1,0,0,0
2,36,0,1,1,0,1,0,1,0,0,1
0,16,0,1,0,0,0,0,0,0,0,0
0,17,0,0,0,0,1,1,0,0,0,0
0,17,0,1,1,0,0,1,0,0,0,0
0,40,0,1,1,1,0,0,1,0,0,0
0,13,0,0,1,1,0,0,1,1,0,1
1,19,0,0,1,0,0,0,0,1,0,1
0,13,0,0,1,0,0,0,1,0,0,1
0,66,0,1,0,0,0,0,1,0,0,0
0,38,0,0,0,1,0,0,1,0,0,0
0,19,1,0,0,0,0,0,1,0,0,1
2,51,0,0,1,1,0,1,0,1,0,1
6,13,0,1,1,0,0,1,0,0,0,1
1,22,0,1,1,0,0,0,1,0,0,1
6,9,0,1,0,0,1,1,0,0,0,1
0,45,1,0,0,0,0,0,1,0,0,1
4,9,0,1,1,0,0,0,1,0,0,1
0,7,0,1,1,0,1,1,0,0,0,0
0,57,1,0,1,0,1,0,1,0,0,0
1,28,1,0,1,0,0,0,1,0,0,1
0,15,0,1,0,0,0,0,1,0,0,1
0,37,1,0,0,0,1,0,1,0,0,0
0,83,0,1,1,1,0,0,1,0,0,0
0,53,0,1,0,0,0,0,1,0,0,0
0,2,1,0,0,0,0,0,1,0,0,0
0,39,0,0,0,1,0,0,1,0,0,0
0,43,1,0,1,0,0,0,0,0,0,1
2,30,0,1,0,0,1,0,1,0,0,1
0,12,0,1,1,0,0,1,0,0,0,0
0,15,0,1,0,0,0,1,0,0,0,0
0,23,0,1,0,0,0,0,1,0,0,0
0,8,0,1,1,0,1,0,1,0,0,1
0,45,0,0,1,0,0,0,1,0,0,0
1,14,0,1,1,0,0,0,1,0,0,1
10,20,1,0,1,0,0,1,0,0,0,1
0,17,0,1,0,0,0,0,1,0,0,0
2,71,0,1,0,0,0,0,1,0,0,1
0,11,0,1,0,0,0,0,1,0,0,1
0,5,0,1,1,0,0,0,1,0,0,1
0,7,1,0,1,0,0,0,1,0,0,0
0,5,1,0,0,0,0,1,0,0,0,1
0,3,1,0,1,0,0,1,0,0,1,0
0,11,0,0,0,0,0,1,0,0,0,0
0,17,0,0,0,0,0,0,1,0,0,0
0,16,0,0,1,0,0,0,1,0,0,0
0,7,0,1,0,0,1,0,1,0,0,0
0,9,0,0,1,0,0,0,1,0,0,0
3,32,0,1,0,0,0,0,1,0,0,1
0,6,0,1,0,0,0,1,0,0,0,0
0,16,1,0,0,0,0,0,1,0,0,1
0,29,0,1,1,1,0,0,1,0,0,0
0,33,1,0,0,1,0,0,1,1,0,1
0,56,0,0,1,1,0,0,1,0,0,1
0,52,0,1,1,1,0,0,1,0,0,0
0,24,0,1,1,0,0,1,0,0,0,0
0,47,1,0,1,1,0,0,1,0,0,0
1,13,0,0,0,1,0,1,0,1,0,1
0,32,0,1,1,0,0,0,1,0,0,0
0,42,0,1,0,0,1,0,1,0,0,0
0,42,0,0,0,0,0,0,1,0,0,0
0,47,0,1,0,0,0,0,1,0,0,1
0,8,0,1,0,0,0,1,0,0,0,0
5,7,0,0,1,0,0,1,0,0,0,1
0,59,0,1,1,1,0,0,1,0,0,0
4,36,0,1,0,1,0,0,1,0,0,1
0,62,0,0,0,0,0,1,0,0,0,0
1,17,0,0,1,0,0,0,1,0,0,1
0,86,0,0,0,0,0,0,1,0,0,0
1,11,0,1,1,0,0,0,0,0,0,1
3,58,0,1,1,0,0,0,1,0,0,1
0,26,0,1,1,0,0,1,0,0,0,0
2,6,0,0,1,0,0,0,0,0,0,1
0,9,0,1,1,0,0,1,0,0,0,0
0,51,0,0,0,1,0,0,1,0,0,0
0,21,0,1,1,0,0,0,1,0,0,1
0,61,0,1,1,0,0,0,0,0,0,1
8,24,1,0,1,0,0,1,0,0,0,1
7,9,0,1,1,0,0,0,0,0,0,1
0,8,0,1,0,0,1,0,1,0,0,1
0,72,0,0,1,1,0,0,1,0,0,0
0,64,1,0,0,1,0,0,1,0,0,0
0,36,0,0,1,1,0,0,1,0,0,1
0,36,1,0,0,0,0,0,1,0,0,0
0,64,0,1,1,1,0,0,1,0,0,0
0,43,0,1,1,1,0,0,1,0,0,0
0,14,1,0,0,0,1,1,0,0,0,0
2,15,0,1,0,0,0,1,0,0,0,1
6,37,0,0,0,0,0,0,1,0,0,1
0,16,1,0,1,0,0,0,1,0,0,0
0,19,0,1,0,0,1,0,1,0,0,1
1,8,0,1,0,0,0,1,0,0,0,1
0,17,0,0,1,0,1,0,1,1,0,0
0,6,0,0,1,0,0,0,1,0,0,0
3,56,0,1,1,0,0,0,1,0,0,1
0,10,0,1,0,0,0,0,1,0,0,1
2,28,0,1,0,0,0,1,0,0,0,1
0,72,1,0,1,1,0,0,1,0,0,0
0,1,0,0,0,0,0,0,0,0,0,1
0,11,0,1,1,0,0,1,0,0,0,0
1,17,0,1,1,0,0,0,1,0,0,1
0,49,1,0,1,1,0,0,1,1,0,0
0,38,0,0,0,0,0,1,0,0,0,0
0,54,0,0,0,1,0,0,1,0,0,1
0,29,1,0,0,0,0,0,1,0,0,0
0,14,0,1,1,0,0,0,1,0,0,0
0,9,0,1,0,0,1,1,0,0,0,0
2,73,0,1,1,1,0,0,1,0,0,1
0,38,0,0,1,0,0,0,0,0,0,0
10,37,0,0,1,1,0,1,0,1,0,1
0,24,0,0,0,0,0,0,1,0,0,0
2,25,1,0,1,1,0,0,1,0,0,1
0,15,0,1,0,0,0,1,0,0,0,1
0,17,0,0,0,0,0,1,0,1,0,0
0,28,1,0,0,0,1,0,1,0,0,0
0,3,0,0,1,0,0,0,0,0,0,0
0,17,0,1,1,0,0,1,0,0,0,0
8,67,0,0,1,1,0,1,0,0,0,1
0,14,0,1,0,0,0,0,1,0,0,1
0,32,1,0,0,0,0,1,0,0,0,0
0,26,0,0,0,0,0,0,1,0,0,0
1,1,0,0,0,0,0,0,0,0,0,1
0,31,0,0,1,1,0,1,0,0,0,1
0,35,1,0,1,1,0,0,1,0,0,0
6,28,0,1,1,0,0,1,0,0,0,1
0,24,0,1,1,0,1,0,1,0,0,0
0,24,1,0,0,1,0,0,1,0,0,0
2,42,0,1,0,0,0,0,1,0,0,1
2,23,1,0,1,0,0,1,0,0,0,1
2,7,1,0,0,0,0,0,0,0,0,1
0,22,0,1,1,1,0,1,0,0,0,0
0,20,0,1,0,0,0,0,1,0,0,1
0,11,0,0,1,0,0,0,1,0,0,1
1,18,1,0,0,0,0,0,1,0,0,1
1,26,0,1,0,0,0,0,1,0,0,1
0,55,0,1,1,1,0,0,1,0,0,0
0,34,0,0,1,0,0,1,0,0,0,0
1,7,0,0,0,0,1,1,0,0,0,1
0,37,0,0,0,0,0,0,0,0,0,1
1,17,1,0,1,0,0,0,1,0,0,1
4,91,0,1,1,0,0,0,1,0,0,1
0,9,1,0,1,0,0,1,0,0,0,0
0,71,0,0,1,1,0,0,1,0,0,0
0,10,0,0,0,0,0,1,0,0,0,1
1,86,0,0,1,0,1,0,1,0,0,1
0,18,0,1,1,1,0,0,1,0,0,0
4,8,0,0,1,0,0,1,0,0,0,1
2,49,0,1,0,0,0,0,0,0,0,1
3,11,0,1,0,0,0,1,0,0,0,1
0,7,1,0,1,0,0,1,0,0,0,0
0,39,0,1,1,0,0,0,0,0,0,0
0,26,0,0,1,1,0,1,0,0,0,1
0,7,0,0,0,0,0,0,0,0,0,0
8,87,0,1,1,0,0,0,1,0,1,0
3,66,1,0,0,0,0,0,1,0,0,1
9,43,1,0,1,1,0,0,1,0,0,1
0,14,0,1,0,0,0,0,1,0,0,0
0,12,0,1,1,0,0,0,1,0,0,0
0,35,1,0,0,0,0,1,0,0,0,1
2,23,0,1,0,0,1,0,1,0,0,1
0,7,0,1,0,0,0,1,0,0,0,0
0,25,0,0,1,0,0,1,0,1,0,1
0,27,0,1,0,0,0,1,0,0,0,0
0,17,1,0,1,0,0,0,1,0,0,0
0,14,1,0,1,0,0,1,0,0,0,1
1,31,0,1,1,0,0,0,1,0,0,1
0,2,0,1,0,0,1,0,1,0,0,0
2,34,0,1,1,0,0,0,1,0,0,1
6,17,0,1,1,0,0,0,1,0,0,1
0,42,0,1,1,0,0,0,1,0,0,0
1,19,0,0,0,0,0,0,1,0,0,1
0,85,0,1,0,1,0,0,1,0,0,0
0,20,0,1,1,1,0,1,0,0,0,1
0,27,1,0,1,0,0,0,1,0,0,1
0,22,0,0,0,0,0,0,1,0,0,0
7,23,0,0,1,1,0,0,1,0,1,0
0,42,0,1,1,1,0,0,1,0,0,0
4,40,0,0,0,0,0,1,0,0,0,1
0,19,0,0,0,1,0,0,1,1,0,0
0,58,0,0,1,0,0,1,0,1,0,0
0,7,0,1,1,0,0,1,0,0,0,1
4,7,0,0,1,0,0,1,0,1,0,1
0,8,0,0,1,0,1,1,0,0,0,0
0,6,0,1,1,0,0,0,1,0,0,0
1,17,0,1,0,1,0,1,0,0,0,1
0,23,0,0,0,0,0,0,1,0,0,1
5,68,0,0,0,0,0,1,0,0,0,1
0,11,1,0,1,0,0,0,0,0,0,1
0,16,0,1,0,1,0,0,1,0,0,1
0,22,0,0,1,0,0,1,0,1,0,0
2,2,1,0,1,0,0,1,0,0,0,1
0,96,1,0,1,0,0,0,1,0,1,0
0,12,0,0,1,0,0,0,1,0,0,0
0,4,0,1,1,0,0,0,1,0,0,1
1,9,0,0,1,0,0,1,0,0,0,1
1,11,0,0,1,0,0,0,1,0,0,1
0,12,1,0,0,0,0,1,0,0,0,0
0,115,0,1,0,0,0,0,1,0,0,1
0,60,0,1,1,0,1,0,0,0,0,1
0,53,0,0,0,0,0,0,1,0,0,1
0,59,1,0,0,1,0,0,0,0,0,0
2,70,1,0,0,0,1,0,1,0,0,1
0,13,0,0,0,0,0,0,1,0,0,1
0,67,0,1,1,1,0,0,1,0,0,0
0,26,0,0,1,0,0,0,1,0,0,0
0,14,1,0,1,0,0,0,1,0,0,1
0,14,0,0,0,0,0,1,0,0,0,0
0,22,0,1,1,1,0,0,1,0,0,0
0,1,1,0,0,0,0,1,0,0,0,1
2,43,0,0,0,0,0,1,0,0,0,1
0,32,0,1,0,1,0,0,1,0,0,0
3,16,0,1,1,0,0,1,0,0,0,1
0,33,0,1,0,0,0,0,1,0,0,0
6,31,1,0,1,0,1,0,1,0,0,1
0,16,0,1,1,0,0,1,0,0,0,0
0,77,0,1,1,0,0,0,1,0,0,0
0,15,0,0,0,0,0,0,1,0,0,1
0,6,0,0,1,0,0,1,0,1,0,0
0,5,0,1,1,0,0,1,0,0,0,0
0,19,0,1,1,0,0,0,1,0,0,0
0,13,1,0,0,0,0,1,0,0,0,1
0,28,1,0,0,0,0,1,0,0,0,0
0,33,0,0,1,0,0,0,0,0,0,0
0,4,0,0,1,0,0,1,0,0,0,0
0,3,0,1,1,0,1,1,0,0,0,0
0,31,0,0,1,0,1,0,1,0,0,0
0,35,0,0,0,0,0,0,1,0,0,1
5,52,0,0,1,0,0,0,1,0,0,1
1,10,0,0,0,0,0,0,1,1,0,1
0,34,0,0,0,1,0,0,1,0,0,0
0,30,0,1,1,1,0,0,1,0,0,0
0,35,0,0,0,0,0,0,1,0,0,0
0,51,0,1,0,1,0,0,1,0,0,0
0,24,1,0,0,0,1,0,1,0,0,0
2,27,0,1,0,1,0,0,1,0,0,1
0,54,0,0,0,1,0,0,0,0,0,0
1,27,0,1,1,0,0,0,1,0,0,1
0,51,0,1,0,1,0,0,0,0,0,1
2,19,0,0,1,0,0,0,1,0,0,1
0,9,0,0,0,0,0,1,0,0,0,0
0,9,1,0,0,0,0,1,0,0,0,1
0,40,0,1,1,1,0,0,1,0,0,0
1,21,0,1,0,0,0,0,1,0,0,1
0,54,0,0,0,1,0,0,1,0,0,0
0,28,1,0,0,0,0,0,1,0,0,0
0,10,0,0,1,0,1,0,1,0,0,1
0,13,0,0,1,0,0,0,1,0,0,1
0,22,0,1,1,0,0,0,1,0,0,1
0,24,0,0,1,0,0,1,0,0,0,1
0,74,1,0,1,0,0,0,1,0,0,1
0,60,1,0,1,0,0,0,1,0,0,0
0,39,0,0,0,0,0,0,1,0,0,0
1,10,0,1,1,0,1,0,1,0,0,1
0,20,0,1,0,0,0,0,0,0,0,0
0,16,1,0,0,0,0,1,0,0,0,0
8,7,1,0,0,0,0,1,0,0,0,1
0,12,0,0,0,0,0,0,1,0,0,1
1,72,0,1,0,0,1,0,1,0,0,1
0,68,0,0,0,1,0,0,1,0,0,1
0,13,1,0,1,0,0,0,1,0,0,0
0,76,1,0,1,1,0,0,1,0,0,1
0,22,0,0,0,0,0,1,0,0,0,0
0,30,0,0,0,1,0,0,1,1,0,0
1,45,0,0,0,1,0,0,1,0,0,1
0,73,0,1,1,0,0,1,0,0,0,0
0,27,0,1,1,0,0,1,0,0,0,1
0,10,0,1,1,0,0,1,0,0,0,0
0,30,1,0,0,0,0,0,1,0,0,1
0,47,0,1,0,1,0,0,1,0,0,0
2,51,1,0,0,1,0,0,1,0,0,1
0,3,0,1,0,0,0,0,0,0,0,0
1,19,0,0,1,0,0,0,1,0,0,1
0,47,0,1,0,0,0,0,0,0,0,0
4,50,1,0,1,1,0,0,1,0,0,1
0,17,0,1,1,0,0,0,1,0,0,0
0,20,0,1,1,0,0,1,0,0,0,0
0,4,1,0,0,0,0,1,0,0,0,0
0,30,0,1,1,1,0,0,1,0,0,0
2,8,0,1,1,0,0,0,1,0,0,1
1,27,0,1,1,0,0,0,1,1,0,1
0,70,0,1,0,0,0,1,0,0,0,0
0,24,0,0,1,1,0,0,1,0,0,1
0,36,1,0,0,1,0,0,1,0,0,0
0,17,0,1,1,0,0,1,0,0,0,0
2,98,0,0,0,0,0,0,1,0,0,1
0,27,0,1,1,0,0,0,1,0,0,0
0,22,1,0,0,0,0,1,0,0,0,0
0,32,0,0,0,0,1,0,1,0,0,0
10,71,1,0,1,1,0,0,0,0,0,1
0,39,1,0,1,0,1,0,1,0,0,0
5,26,0,0,1,0,0,1,0,0,0,1
1,25,1,0,0,0,0,0,1,0,0,1
10,60,0,1,1,0,0,1,0,0,0,1
0,35,1,0,0,1,0,0,1,0,0,0
10,3,0,0,0,0,0,1,0,0,0,1
0,6,0,1,1,0,0,0,1,1,0,0
1,17,1,0,0,0,0,0,1,0,0,1
6,23,0,0,0,0,0,1,0,1,0,1
0,44,0,1,1,0,0,0,1,0,0,1
0,4,0,1,0,0,0,1,0,0,0,0
0,6,1,0,1,0,0,1,0,0,0,0
2,18,1,0,0,0,0,0,1,0,0,1
0,26,0,1,1,1,0,1,0,0,0,1
0,21,0,0,0,1,0,1,0,1,0,0
0,14,0,0,1,0,0,1,0,0,0,0
0,39,1,0,0,1,0,0,1,0,0,0
2,22,1,0,1,1,0,1,0,0,0,1
0,59,0,1,1,1,0,0,1,0,0,0
0,50,1,0,0,0,0,1,0,0,0,0
1,67,0,1,0,1,0,0,1,0,0,1
1,91,1,0,0,1,0,0,1,0,0,1
0,11,0,1,0,0,1,1,0,0,0,0
4,27,1,0,0,0,0,1,0,0,0,1
0,38,0,0,1,1,0,0,1,0,0,0
0,40,0,1,0,0,0,1,0,0,0,1
0,41,0,1,1,1,0,0,1,0,0,0
0,42,0,1,1,0,0,0,1,0,0,0
1,28,0,1,1,1,0,0,1,0,0,1
7,30,1,0,0,0,0,0,0,0,0,1
0,22,0,1,0,1,0,0,1,0,0,0
1,29,1,0,1,0,0,0,1,0,0,1
0,50,0,1,1,0,0,0,1,0,0,1
0,13,1,0,1,0,0,0,1,0,0,1
0,43,1,0,1,1,0,0,1,0,0,0
0,14,0,1,0,0,1,1,0,0,0,0
0,40,0,0,0,0,0,1,0,0,0,0
0,70,1,0,0,0,1,0,1,0,0,0
0,22,0,0,1,0,0,1,0,0,0,0
8,17,0,0,1,1,0,1,0,1,1,0
0,85,1,0,0,1,0,0,1,0,0,0
0,29,0,0,0,0,0,0,1,0,0,0
0,30,0,0,0,0,0,0,1,0,0,0
2,39,1,0,1,0,1,0,1,0,0,1
0,13,0,0,0,0,0,0,1,0,0,1
7,42,0,1,0,1,0,1,0,0,0,1
0,8,0,0,1,0,0,0,1,0,0,1
0,4,1,0,1,0,0,0,0,0,0,1
0,37,0,0,1,1,0,1,0,1,0,0
0,40,0,0,0,0,1,0,1,0,0,0
0,22,0,1,0,0,0,0,1,0,0,0
1,8,0,0,0,0,0,0,0,1,0,1
0,5,1,0,0,0,0,0,1,0,0,0
0,15,0,1,0,0,0,1,0,0,0,0
3,21,1,0,0,0,1,0,1,0,0,1
1,7,0,1,1,1,0,1,0,0,0,1
3,7,0,0,0,0,0,0,1,1,0,1
0,29,0,0,1,1,0,0,1,1,0,0
0,72,1,0,1,0,0,0,1,0,0,0
0,15,1,0,0,0,0,1,0,0,0,0
0,59,0,1,1,1,0,0,1,0,0,0
0,14,0,1,0,0,0,0,1,0,0,0
0,42,0,0,0,0,0,1,0,0,0,0
1,17,1,0,0,0,0,1,0,0,0,1
0,28,0,0,0,0,1,0,1,0,0,0
0,31,0,1,0,0,0,0,1,0,0,1
0,4,0,1,1,0,0,1,0,0,0,0
0,73,1,0,1,0,0,0,1,0,0,0
0,5,0,0,1,0,0,0,1,0,0,1
0,86,0,0,1,0,0,1,0,0,0,0
0,17,0,1,0,0,0,1,0,0,0,0
0,16,1,0,0,0,0,1,0,0,0,0
0,68,0,1,0,0,0,0,1,0,0,0
2,19,1,0,0,0,0,0,1,0,0,1
0,52,0,0,0,0,0,0,1,1,0,0
0,15,0,1,0,0,0,0,1,0,0,1
0,9,0,1,1,0,1,1,0,0,0,1
3,40,1,0,1,0,0,1,0,0,0,1
0,19,0,0,1,0,1,0,1,0,0,0
7,72,1,0,0,0,0,1,0,0,0,1
0,18,0,0,0,0,0,0,1,1,0,0
0,8,0,1,1,0,0,1,0,0,0,1
0,12,0,1,0,0,0,0,1,0,0,1
0,14,1,0,0,0,0,0,1,0,0,1
0,31,0,1,0,0,0,0,1,0,0,1
1,11,0,1,0,0,0,0,1,0,0,1
0,7,0,0,1,0,0,0,1,0,0,0
0,7,1,0,0,0,0,1,0,0,0,0
0,4,0,1,0,0,0,0,1,0,0,1
0,44,1,0,0,0,0,0,1,0,0,0
0,26,0,1,1,1,0,0,1,0,0,0
2,32,0,1,1,1,0,0,1,0,0,1
0,71,0,1,1,0,0,0,1,0,0,0
3,3,1,0,1,1,0,1,0,0,0,1
0,13,0,1,1,0,0,0,1,0,0,1
2,13,0,0,0,0,0,1,0,1,0,1
0,21,0,1,0,0,0,1,0,0,0,0
0,31,0,0,0,1,0,0,1,0,0,0
0,39,0,1,0,1,0,0,1,0,0,0
0,15,0,1,1,1,0,1,0,0,0,0
0,6,0,1,0,0,0,1,0,0,0,1
0,10,0,0,0,0,0,0,1,1,0,1
0,14,0,1,1,0,0,0,1,0,0,0
0,17,1,0,1,0,0,1,0,0,0,0
0,21,0,1,1,1,0,0,1,0,0,0
0,13,1,0,0,0,1,0,1,0,0,0
3,42,0,0,1,1,0,0,0,0,0,1
0,18,0,0,1,0,0,0,0,0,0,0
0,31,1,0,0,0,0,1,0,0,0,1
0,67,0,1,0,1,0,0,1,0,0,0
0,4,0,1,1,0,1,1,0,0,0,0
0,32,0,0,0,0,0,0,1,0,0,1
10,25,0,0,1,1,0,0,1,0,0,1
0,18,1,0,1,0,0,0,1,0,0,0
0,22,0,0,1,0,1,1,0,0,0,0
8,14,0,0,1,1,0,1,0,1,1,0
0,19,0,1,1,0,0,0,1,0,0,0
0,40,0,1,1,1,0,1,0,0,0,0
0,2,0,1,1,0,0,0,1,0,0,1
0,40,0,0,1,1,0,0,1,0,0,1
6,42,1,0,0,0,0,1,0,0,0,1
0,28,0,0,0,1,0,0,1,0,0,0
0,27,0,1,1,1,0,0,1,0,0,1
0,29,0,1,0,1,0,0,1,0,0,0
0,17,0,1,0,0,0,0,1,0,0,0
1,51,0,1,0,0,1,0,1,0,0,1
0,10,0,1,1,0,0,0,1,0,0,0
0,21,0,1,0,0,0,0,1,0,0,1
1,27,0,1,0,0,0,0,1,0,0,1
0,50,0,0,0,0,0,0,1,0,0,0
0,81,0,0,0,1,0,0,1,0,0,0
0,8,1,0,0,0,0,1,0,0,0,0
0,5,0,0,1,0,0,0,1,0,0,0
1,35,0,0,1,1,0,0,1,1,0,1
0,12,1,0,0,0,1,0,1,0,0,0
0,14,1,0,1,0,0,0,1,0,0,0
0,21,0,1,1,0,0,0,1,0,0,0
1,23,1,0,1,0,0,0,1,0,0,1
1,38,0,1,1,0,0,0,0,0,0,1
0,9,0,0,0,0,0,0,1,0,0,0
1,50,1,0,0,1,0,0,1,0,0,1
0,54,0,1,0,1,0,0,1,0,0,0
0,32,0,1,0,0,0,1,0,0,0,0
0,27,0,0,0,0,0,0,1,0,0,1
0,75,0,1,0,0,0,0,1,0,0,0
0,52,0,0,0,0,0,0,1,1,0,0
0,15,0,1,0,0,0,0,1,0,0,0
0,3,0,1,0,0,0,1,0,0,0,1
0,40,0,1,0,1,0,1,0,0,0,0
4,26,0,0,1,0,0,1,0,0,0,1
0,39,0,1,0,0,1,0,1,0,0,0
0,20,0,1,1,0,0,0,1,0,0,1
0,61,0,0,0,1,0,1,0,0,0,0
0,75,0,1,1,0,1,1,0,0,0,0
1,2,0,1,1,0,0,1,0,0,0,1
0,40,0,1,1,1,0,0,1,0,0,0
1,20,0,0,1,0,0,0,1,0,0,1
0,0,0,0,0,0,0,0,0,0,0,0
0,64,1,0,0,1,0,0,0,0,0,0
0,67,0,1,1,1,0,0,1,0,0,0
5,8,1,0,0,0,0,0,1,0,0,1
0,30,0,1,0,1,0,0,1,0,0,0
0,10,1,0,1,0,0,0,1,0,0,0
0,21,1,0,0,0,0,1,0,0,0,1
0,23,0,1,0,0,0,0,1,0,0,1
0,49,0,0,1,1,0,0,1,0,0,1
1,30,0,0,1,0,1,0,1,0,0,1
0,16,0,1,1,0,0,0,1,0,0,0
0,58,0,0,0,1,0,0,1,0,0,0
0,2,0,1,1,0,0,1,0,0,0,0
0,65,0,1,0,1,0,0,1,0,0,0
0,14,1,0,1,0,0,1,0,0,0,0
2,32,1,0,0,0,0,0,1,0,0,1
0,5,0,0,1,0,0,1,0,0,0,0
5,15,0,1,0,0,0,0,1,0,0,1
4,3,0,1,1,0,0,1,0,0,0,1
2,21,1,0,0,0,0,0,1,0,0,1
0,27,1,0,0,0,0,0,1,0,0,0
0,13,1,0,1,0,0,0,0,0,0,0
3,23,0,1,1,0,0,0,1,0,0,1
0,52,0,0,0,0,1,0,0,0,0,0
0,4,1,0,0,0,0,1,0,0,0,0
1,56,1,0,0,0,0,1,0,0,0,1
0,8,0,1,1,0,0,0,1,0,0,0
0,41,0,1,0,1,0,0,1,0,0,0
2,18,0,0,0,0,1,0,1,0,0,1
0,45,1,0,1,0,1,1,0,0,0,0
0,34,0,1,0,0,0,0,0,0,0,0
0,14,0,0,0,0,0,1,0,0,0,1
0,24,1,0,0,0,1,0,1,0,0,0
0,13,0,0,0,0,0,0,1,0,0,1
6,8,0,0,0,0,0,1,0,0,0,1
0,17,0,1,1,0,0,0,1,0,0,0
0,17,0,1,1,0,1,0,1,0,0,1
0,2,1,0,1,0,0,0,0,0,0,0
0,49,1,0,1,1,0,0,1,0,0,0
0,15,0,0,1,0,1,0,1,0,0,0
1,18,0,1,0,1,0,0,1,0,0,1
0,6,0,0,1,0,1,1,0,0,0,0
0,22,1,0,1,1,0,1,0,0,0,1
1,37,1,0,0,0,1,1,0,0,0,1
0,32,0,1,1,1,0,0,1,0,0,0
0,10,1,0,1,0,0,0,1,0,0,0
0,6,0,1,0,0,1,0,1,0,0,0
0,2,0,1,1,0,0,0,1,0,0,0
0,72,0,1,0,1,0,0,0,0,0,0
0,11,0,0,1,0,0,1,0,0,0,0
10,99,0,0,0,1,0,1,0,0,0,1
1,8,0,0,1,0,0,0,0,0,0,1
0,71,0,0,1,0,0,0,1,0,0,0
0,10,0,1,0,0,0,0,1,0,0,0
5,30,1,0,1,1,0,0,1,0,1,0
4,42,1,0,0,0,0,0,1,0,0,1
0,10,0,1,0,0,1,1,0,0,0,1
0,20,1,0,1,0,1,0,1,0,0,1
0,12,1,0,0,0,0,1,0,0,0,0
0,37,0,0,0,1,0,1,0,1,0,0
0,7,0,0,1,0,0,0,0,0,0,0
2,16,0,0,1,0,1,0,0,0,0,1
5,31,1,0,0,0,0,1,0,0,0,1
0,33,1,0,0,0,0,1,0,0,0,1
1,0,1,0,1,0,0,0,0,0,0,1
0,25,0,0,1,1,0,0,1,0,0,0
0,37,0,1,1,1,0,0,1,0,0,0
0,44,1,0,0,1,0,0,1,0,0,0
6,3,0,0,0,0,0,1,0,1,0,1
6,12,0,0,0,1,0,1,0,0,0,1
3,9,0,1,0,0,0,1,0,0,0,1
0,16,0,0,0,0,0,0,1,0,0,1
0,20,0,1,0,1,0,1,0,0,0,0
0,49,0,1,1,0,0,0,1,0,0,0
0,24,0,1,0,1,0,0,1,0,0,0
0,38,0,0,0,1,0,0,1,0,0,0
5,21,0,1,1,0,0,0,1,0,0,1
0,5,0,0,1,0,1,1,0,0,0,0
0,15,1,0,1,0,0,1,0,0,0,0
0,31,0,1,0,1,0,0,1,0,0,0
0,11,1,0,0,0,0,0,1,0,0,0
0,43,0,1,1,1,0,1,0,0,0,0
0,38,0,1,1,0,1,1,0,0,0,0
3,61,0,1,0,0,0,0,1,0,0,1
0,35,1,0,1,1,0,0,1,0,0,0
0,34,1,0,0,0,0,0,1,0,0,0
0,7,0,0,1,0,0,0,0,0,0,1
0,10,0,1,0,0,0,1,0,0,0,0
0,37,0,1,1,0,0,0,1,0,0,1
2,13,0,1,0,0,0,0,1,0,0,1
0,26,0,0,0,1,0,0,1,0,0,1
0,74,0,0,1,1,0,0,1,0,0,0
0,7,1,0,0,0,0,1,0,0,0,1
0,46,1,0,0,1,0,0,1,0,0,0
0,49,0,1,0,0,0,1,0,0,0,0
0,14,0,1,0,0,0,0,1,0,0,0
0,7,0,0,0,0,0,1,0,0,0,1
0,56,0,0,0,1,0,0,1,0,0,0
0,10,0,0,1,0,0,0,1,0,0,0
2,28,0,1,1,0,0,1,0,0,0,1
0,28,0,0,0,0,1,0,1,1,0,0
3,21,0,1,0,0,1,0,1,0,0,1
0,45,0,1,1,1,0,0,1,0,0,0
1,20,0,0,0,0,0,0,1,0,0,1
0,33,0,0,0,1,0,1,0,1,0,1
0,31,1,0,0,1,0,0,1,0,0,0
1,27,0,0,0,0,0,0,1,0,0,1
3,70,0,1,1,0,0,1,0,0,0,1
0,15,1,0,1,0,0,0,1,1,0,1
0,65,0,1,0,1,0,0,1,0,0,0
0,3,0,0,1,0,0,1,0,1,0,0
2,31,1,0,0,0,0,0,1,0,0,1
3,13,1,0,0,1,0,1,0,0,0,1
0,26,1,0,0,0,0,0,1,0,0,0
0,14,0,0,0,0,0,1,0,1,0,0
3,4,0,1,1,0,0,1,0,0,0,1
0,29,0,0,1,1,0,0,1,1,0,0
0,27,0,1,0,0,0,0,1,0,0,0
1,21,0,1,0,0,0,0,1,0,0,1
0,30,0,1,0,0,0,0,1,0,0,0
3,44,0,0,1,0,0,0,1,0,0,1
0,59,0,0,0,0,0,0,1,0,0,0
0,85,1,0,0,1,0,0,1,0,0,0
0,69,0,1,1,1,0,0,1,0,0,0
3,16,1,0,0,0,0,0,1,0,0,1
1,26,1,0,0,0,0,1,0,0,0,1
0,37,0,0,0,1,0,0,1,0,0,1
0,5,0,1,0,0,0,0,1,0,0,0
5,13,0,0,0,0,0,1,0,1,0,1
0,17,0,1,0,0,0,0,0,0,0,0
0,43,0,1,0,1,0,0,1,0,0,0
0,12,0,1,0,0,0,1,0,0,0,1
0,15,1,0,1,0,0,0,1,0,0,1
1,13,0,1,1,0,0,0,1,0,0,1
0,8,0,0,0,0,0,0,1,1,0,0
0,28,1,0,0,0,0,0,1,0,0,0
0,31,0,1,1,1,0,0,1,0,0,0
0,55,0,0,1,0,0,0,1,0,0,1
0,21,1,0,0,0,0,0,1,0,0,0
1,18,1,0,0,0,0,0,1,0,0,1
0,7,0,1,1,0,0,0,0,0,0,0
0,10,1,0,1,0,0,0,1,0,0,1
0,3,1,0,1,0,0,0,1,0,0,0
2,38,1,0,1,0,0,0,1,0,0,1
4,105,1,0,0,0,1,1,0,0,0,1
0,4,0,1,1,0,0,1,0,0,0,0
0,34,0,0,0,0,0,1,0,1,0,0
0,41,1,0,0,0,1,0,1,0,0,0
0,60,1,0,0,1,0,0,1,0,0,0
0,32,0,1,1,0,0,0,1,0,0,0
0,47,0,0,1,1,0,0,1,0,0,0
0,54,0,1,0,1,0,0,1,0,0,0
0,4,0,0,0,0,0,0,1,0,0,0
1,20,0,1,1,0,0,0,1,0,0,1
0,77,1,0,1,0,0,0,1,0,0,1
0,14,0,1,0,0,0,1,0,0,0,1
2,21,1,0,0,0,1,0,1,0,0,1
2,6,0,1,0,0,0,0,0,0,0,1
1,11,1,0,1,0,0,1,0,0,0,1
0,42,0,1,1,1,0,0,1,0,0,0
5,43,0,0,1,0,0,0,1,0,0,1
0,18,0,0,1,0,0,1,0,0,0,1
0,32,0,0,0,1,0,0,1,0,0,0
0,19,0,1,1,0,0,0,1,0,0,0
8,32,0,1,0,0,0,1,0,0,0,1
0,9,0,1,0,0,0,1,0,0,0,0
0,9,0,0,1,0,0,0,1,1,0,0
1,22,0,1,0,0,0,0,1,0,0,1
0,28,1,0,1,0,1,1,0,0,0,0
5,40,0,0,0,0,0,1,0,0,0,1
0,3,0,1,1,0,0,1,0,0,0,0
2,11,0,0,0,0,0,1,0,1,0,1
0,29,1,0,0,0,0,0,1,0,0,0
0,17,0,0,0,0,0,1,0,0,0,0
2,7,0,0,1,0,0,0,0,0,1,0
0,87,0,1,0,0,0,0,1,0,0,0
0,35,0,1,1,1,0,0,1,0,0,0
0,62,1,0,1,1,0,1,0,0,0,0
0,32,0,1,0,0,0,1,0,0,0,0
1,64,0,1,1,1,0,0,1,0,0,1
1,10,0,0,0,0,0,1,0,1,0,1
0,22,0,1,1,1,0,1,0,0,0,0
0,43,0,0,0,1,0,1,0,0,0,0
0,15,0,0,0,1,0,0,1,0,0,0
5,49,0,0,1,0,0,0,1,1,0,1
0,42,1,0,0,0,1,0,0,0,0,1
0,27,0,0,1,0,0,0,1,0,0,0
0,22,0,0,0,0,0,0,1,0,0,0
6,18,1,0,0,0,0,0,0,0,0,1
4,21,0,0,0,0,1,0,1,0,0,1
1,10,0,1,0,0,0,1,0,0,0,1
0,46,0,0,0,1,0,0,1,0,0,0
1,49,0,1,1,0,1,0,0,0,1,0
0,33,0,1,1,0,1,1,0,0,0,0
0,13,0,1,1,0,0,0,1,0,0,1
0,14,0,1,0,0,0,1,0,0,0,0
0,4,0,1,0,0,0,0,1,0,0,0
1,24,0,1,1,0,0,0,0,0,0,1
0,16,0,1,1,0,0,0,1,0,0,1
0,8,0,1,1,0,0,0,1,0,0,0
0,31,0,1,0,0,0,0,1,0,0,0
9,70,0,0,1,1,0,1,0,0,0,1
0,22,1,0,1,0,0,0,1,0,0,0
0,32,1,0,1,0,0,1,0,0,0,1
10,14,0,0,1,1,0,1,0,1,0,1
0,83,1,0,1,1,0,0,1,0,0,0
0,7,0,0,1,0,0,1,0,0,0,0
4,32,1,0,0,0,0,0,0,0,0,1
0,18,0,1,1,0,0,1,0,0,0,0
0,7,0,0,0,0,0,1,0,0,0,1
0,50,0,0,1,1,0,0,1,0,0,1
0,14,0,0,1,1,0,0,1,0,0,1
0,9,0,0,0,0,0,1,0,1,0,0
0,11,0,0,1,0,1,0,1,0,0,1
0,14,0,0,0,0,0,1,0,0,0,0
0,40,1,0,1,1,0,1,0,0,0,0
0,38,0,1,1,0,0,0,1,0,0,0
0,66,0,0,0,1,0,0,1,0,0,0
0,31,0,0,1,0,0,0,1,0,0,1
0,10,0,1,0,0,0,1,0,0,0,0
4,22,0,1,1,0,0,0,1,0,0,1
0,14,1,0,0,0,0,0,1,0,0,0
0,22,0,1,0,0,1,0,1,0,0,1
0,50,0,1,1,0,0,0,0,0,0,0
0,34,0,1,1,0,0,0,1,0,0,0
0,8,1,0,0,0,0,1,0,0,0,0
0,25,0,0,0,1,0,1,0,0,0,0
0,18,0,0,1,1,0,0,1,0,0,0
0,8,0,0,1,0,0,1,0,0,0,0
1,18,0,1,1,0,0,0,1,0,0,1
0,17,0,0,1,1,0,1,0,0,0,1
0,56,0,1,1,1,0,0,1,0,0,0
2,27,1,0,1,0,0,0,1,0,0,1
0,29,0,0,0,0,0,1,0,0,0,1
0,24,0,0,1,0,0,0,0,0,0,1
0,12,0,1,1,0,0,0,0,0,0,1
0,16,0,1,1,0,0,0,1,0,0,0
0,16,0,1,0,0,0,0,1,0,0,1
0,21,0,0,0,1,0,0,1,0,0,0
0,48,0,1,0,1,0,0,1,0,0,0
0,52,0,0,0,1,0,0,1,0,0,0
0,9,1,0,0,0,1,1,0,0,0,0
1,62,0,0,0,0,0,0,1,0,0,1
0,37,0,0,1,0,0,0,1,0,0,1
0,16,0,0,1,0,0,1,0,0,0,0
0,72,1,0,1,1,0,0,1,0,0,0
0,53,0,0,0,0,0,1,0,0,0,0
0,37,1,0,1,0,0,0,1,0,0,0
0,81,1,0,1,1,0,0,1,0,0,0
0,73,0,1,1,0,1,0,1,0,0,0
0,7,0,1,1,0,0,1,0,0,0,1
1,24,1,0,0,1,0,0,1,0,0,1
0,37,0,1,0,0,0,0,1,0,0,0
0,29,1,0,1,0,0,0,1,0,0,0
0,24,1,0,0,0,1,0,1,0,0,0
0,29,0,1,1,0,0,0,1,0,0,0
0,77,0,1,1,0,0,0,1,0,0,1
2,27,0,0,1,0,0,1,0,0,0,1
0,31,1,0,1,1,0,0,1,0,0,0
6,13,0,0,0,0,0,1,0,0,0,1
3,9,0,0,0,0,0,0,1,0,0,1
0,29,0,1,1,0,1,0,1,0,0,0
0,31,0,0,0,1,0,0,1,0,0,0
0,73,0,0,0,1,0,0,1,0,0,0
0,12,0,0,0,0,0,0,1,0,0,1
0,18,0,1,0,0,0,0,1,0,0,0
0,23,0,0,0,1,0,1,0,1,0,0
0,25,0,1,1,1,0,0,1,0,0,0
0,3,0,1,1,0,0,1,0,0,0,1
0,18,0,1,0,1,0,0,1,0,0,0
0,8,0,0,0,0,0,1,0,0,0,0
0,48,0,1,1,0,1,0,1,0,0,0
1,21,1,0,1,0,1,0,1,0,1,0
0,46,0,0,1,1,0,0,1,0,0,0
0,26,0,1,1,0,0,0,1,0,0,0
0,15,1,0,1,0,0,0,1,0,0,0
0,6,0,0,0,1,0,0,0,0,0,0
0,10,0,1,0,0,0,0,1,0,0,1
1,56,0,0,0,0,0,0,1,0,0,1
3,53,0,0,1,0,0,0,1,1,0,1
0,23,0,0,1,0,1,0,1,0,0,0
1,64,0,1,0,0,0,0,1,0,0,1
0,24,0,0,1,1,0,1,0,1,0,0
0,35,0,1,1,0,0,0,0,0,0,0
0,18,1,0,0,0,0,0,1,0,0,0
0,70,1,0,0,1,0,0,0,0,0,0
0,8,0,0,0,0,1,0,1,0,0,0
4,11,1,0,0,0,0,0,1,0,0,1
0,26,0,1,1,0,1,1,0,0,0,0
0,24,0,1,1,0,0,1,0,0,0,0
1,36,1,0,0,0,0,0,1,0,0,1
1,14,0,0,0,0,0,0,1,1,0,1
0,75,0,0,0,0,1,1,0,0,0,0
0,56,0,1,1,1,0,0,1,0,0,0
0,24,0,1,0,0,1,0,1,0,0,0
0,10,0,1,1,0,1,0,1,0,0,0
0,57,0,0,0,1,0,0,1,0,0,0
0,60,0,0,1,1,0,0,1,0,0,0
8,55,0,0,0,0,0,0,1,0,0,1
0,20,0,1,1,0,1,0,1,0,0,0
0,37,0,1,1,0,0,0,1,0,0,1
0,2,1,0,1,0,0,1,0,0,0,0
0,13,1,0,0,0,1,1,0,0,0,0
0,9,0,1,1,0,0,1,0,0,0,0
0,2,1,0,1,0,0,0,0,0,0,0
0,9,0,0,0,0,0,1,0,0,0,0
0,39,0,1,1,0,1,0,1,0,0,0
3,87,1,0,0,1,0,0,1,0,0,1
7,15,1,0,1,0,0,0,0,0,1,0
7,14,0,0,0,0,0,1,0,1,0,1
0,28,0,0,1,1,0,1,0,0,0,0
4,24,0,0,0,0,0,1,0,0,0,1
0,69,0,1,1,1,0,0,1,0,0,0
0,27,0,0,1,0,0,0,1,0,0,0
0,57,0,0,0,1,0,0,1,0,0,0
0,25,0,1,1,0,0,0,1,0,0,0
0,38,1,0,0,0,0,0,0,0,0,0
9,28,0,1,1,1,0,1,0,0,0,1
4,18,0,0,0,0,0,1,0,0,0,1
0,8,1,0,1,0,0,0,1,0,0,1
4,64,0,0,1,0,0,1,0,0,0,1
0,56,0,0,0,1,0,0,1,1,0,0
0,28,0,1,1,0,0,0,1,0,0,1
0,6,0,0,1,0,0,1,0,1,0,0
0,76,0,1,0,1,0,0,1,0,0,0
0,8,0,0,0,0,0,1,0,0,0,0
0,7,0,0,1,0,0,1,0,0,0,0
0,8,0,1,0,0,0,1,0,0,0,0
0,45,0,1,0,1,0,0,1,0,0,0
0,13,0,0,1,0,1,0,1,0,0,0
9,57,0,1,1,1,0,0,1,0,0,1
0,29,1,0,1,0,0,0,1,0,0,0
0,35,0,0,1,1,0,0,1,0,0,0
0,48,1,0,0,0,0,0,1,0,0,0
10,3,0,0,1,0,0,1,0,0,0,1
0,10,0,0,1,0,0,0,1,1,0,0
0,11,0,1,1,0,0,0,1,1,0,0
0,3,0,1,0,0,0,1,0,0,0,0
1,18,0,0,0,0,0,0,1,0,0,1
0,6,0,0,1,0,0,1,0,1,0,0
5,18,0,0,0,0,0,1,0,0,0,1
1,25,0,1,0,0,0,1,0,0,0,1
0,63,0,1,0,1,0,0,1,0,0,1
0,7,0,0,0,0,0,1,0,0,0,0
0,15,1,0,1,0,0,1,0,0,0,0
1,25,1,0,1,0,0,0,1,0,0,1
0,14,0,0,0,0,0,1,0,0,0,1
0,17,0,1,1,0,0,0,1,0,0,0
0,8,0,1,1,0,0,1,0,0,0,1
0,19,1,0,1,0,0,0,1,1,0,1
1,27,0,1,0,0,0,0,1,0,0,1
0,44,0,0,1,1,0,0,1,0,0,0
0,66,1,0,0,1,0,0,1,0,0,0
0,2,1,0,0,0,0,0,1,0,0,1
3,12,0,1,1,1,0,0,1,0,0,1
0,11,0,0,1,0,0,0,1,0,0,0
0,25,1,0,1,0,0,0,1,0,0,0
0,79,0,0,1,1,0,0,1,0,0,0
0,8,0,0,1,0,0,0,1,1,0,1
0,57,0,1,0,1,0,0,1,0,0,0
0,61,1,0,1,1,0,0,1,0,0,0
0,15,0,0,0,0,0,0,1,0,0,0
0,58,1,0,0,0,1,0,1,0,0,1
0,11,0,1,0,0,1,1,0,0,0,0
0,23,0,1,1,1,0,1,0,0,0,0
0,35,1,0,0,1,0,0,1,0,0,0
0,56,1,0,1,1,0,0,1,0,0,0
4,47,0,0,0,0,1,0,1,1,0,1
0,27,0,0,1,0,0,0,1,0,0,0
10,12,0,1,1,0,0,1,0,1,0,1
0,35,0,1,0,1,0,0,1,0,0,0
0,69,1,0,1,1,0,0,1,0,0,0
0,25,0,0,0,0,0,0,1,0,0,0
0,27,0,0,0,1,0,1,0,0,0,0
0,5,1,0,1,0,0,1,0,0,0,1
3,10,0,1,0,0,0,1,0,0,0,1
8,34,0,1,0,1,0,1,0,0,0,1
0,76,1,0,1,1,0,0,1,0,0,1
0,23,0,0,0,0,0,1,0,1,0,0
0,8,0,0,1,0,1,1,0,0,0,0
0,39,1,0,0,0,1,0,1,0,0,0
3,12,1,0,1,0,0,1,0,0,0,1
2,14,1,0,1,0,0,0,1,0,0,1
3,0,0,0,0,0,0,0,0,0,0,1
0,35,0,0,0,0,0,1,0,0,0,1
1,8,0,1,0,0,0,0,0,0,0,1
0,14,0,1,1,0,0,1,0,0,0,0
0,79,0,1,0,0,0,0,1,0,0,0
0,42,0,1,1,1,0,0,1,0,0,0
0,50,0,1,1,0,0,0,1,0,0,0
0,60,1,0,1,1,0,0,1,0,0,0
0,7,0,1,1,1,0,0,1,0,0,1
0,10,1,0,1,1,0,0,1,0,0,0
0,21,1,0,0,1,0,0,1,0,0,1
0,6,0,0,1,0,0,0,1,0,0,0
0,7,0,1,1,0,0,1,0,0,0,1
0,23,0,1,1,0,0,1,0,0,0,0
0,44,1,0,0,1,0,0,1,0,0,0
0,36,0,0,1,1,0,0,1,0,0,0
0,31,0,1,0,0,0,1,0,0,0,0
1,21,0,1,1,1,0,0,1,0,0,1
0,6,1,0,0,0,0,1,0,0,0,1
3,21,0,0,0,0,0,1,0,0,0,1
0,42,0,1,1,1,0,1,0,0,0,0
1,29,0,1,0,0,0,0,1,0,0,1
0,34,0,1,1,0,0,0,0,0,0,1
0,50,0,1,1,1,0,0,1,0,0,0
8,8,0,1,1,0,0,1,0,0,0,1
0,37,0,0,1,0,0,0,1,0,0,0
0,56,0,0,1,1,0,0,1,0,0,0
1,8,0,0,1,0,0,0,1,0,0,1
0,20,0,1,0,0,1,0,1,0,0,1
0,72,1,0,0,0,1,0,1,0,0,0
0,64,0,0,1,0,1,0,1,1,0,0
0,2,0,1,1,0,0,1,0,0,0,1
5,28,0,0,1,1,0,0,1,0,1,0
5,41,0,0,0,0,0,1,0,0,0,1
0,29,0,1,1,0,1,0,1,0,0,0
0,3,0,1,1,0,0,0,1,0,0,1
1,3,0,0,1,0,0,0,0,1,0,1
0,25,1,0,1,0,0,1,0,0,0,0
0,17,0,1,1,0,0,0,1,0,0,0
1,15,0,0,1,0,0,0,0,0,0,1
0,13,1,0,0,0,1,1,0,0,0,1
0,71,0,1,1,0,1,1,0,0,0,0
1,20,0,0,1,0,0,0,1,0,0,1
0,28,1,0,0,1,0,1,0,0,0,0
0,54,1,0,1,1,0,1,0,0,0,0
0,38,1,0,0,1,0,0,1,0,0,0
4,28,0,1,1,0,0,0,1,0,0,1
0,39,0,0,1,0,1,0,1,0,0,0
0,66,1,0,0,1,0,0,1,0,0,0
6,4,1,0,0,0,0,1,0,0,0,1
0,28,0,1,0,0,0,1,0,0,0,0
0,76,0,0,0,1,0,0,1,1,0,0
0,27,0,0,0,0,0,0,1,1,0,0
0,71,1,0,1,0,1,0,1,0,0,0
0,51,0,1,1,0,0,0,1,0,0,0
10,31,0,0,1,1,0,0,1,1,0,1
0,27,0,1,0,0,0,1,0,0,0,0
0,11,0,0,1,0,1,1,0,0,0,0
0,24,0,0,1,0,0,0,1,0,0,1
0,22,1,0,0,0,0,1,0,0,0,0
0,16,1,0,0,0,0,0,1,0,0,0
1,45,0,0,0,0,0,0,1,0,0,1
0,7,0,1,0,0,0,1,0,0,0,0
0,15,0,0,0,0,1,0,1,0,0,0
0,13,0,1,1,0,0,1,0,0,0,0
0,45,0,0,0,1,0,0,1,0,0,0
2,61,0,1,0,0,0,0,0,0,0,1
0,13,0,0,1,0,0,0,1,0,0,1
1,23,1,0,1,0,0,0,1,0,0,1
2,43,0,0,1,0,0,0,1,0,0,1
0,48,0,0,0,1,0,0,1,0,0,0
0,6,0,0,1,0,0,0,1,0,0,0
0,9,0,0,1,0,0,0,1,0,0,1
8,16,0,0,1,0,0,1,0,0,0,1
4,21,0,1,0,1,0,1,0,0,0,1
1,23,0,1,1,1,0,0,1,0,0,1
0,26,0,1,0,0,0,0,1,0,0,1
0,1,0,1,0,0,0,0,0,0,0,0
0,14,1,0,1,0,0,1,0,0,0,0
0,37,0,1,1,0,0,0,1,0,0,1
0,12,0,1,1,0,0,1,0,0,0,0
0,5,0,0,1,0,0,0,1,0,0,0
0,13,0,1,0,0,0,0,1,0,0,1
0,28,0,1,0,0,0,0,1,0,0,1
0,25,0,0,0,0,0,1,0,0,0,0
1,81,1,0,0,1,0,0,1,0,0,1
0,52,0,0,0,1,0,0,1,0,0,0
0,43,0,0,1,1,0,0,1,0,0,0
0,15,0,0,1,0,0,1,0,1,0,1
5,41,0,1,0,1,0,1,0,0,0,1
0,8,1,0,1,1,0,0,1,0,0,1
0,30,0,0,1,1,0,0,0,0,0,0
1,34,0,0,0,1,0,0,1,0,0,1
7,27,0,0,0,0,0,1,0,0,0,1
4,63,1,0,0,0,0,1,0,0,0,1
0,52,0,1,1,0,0,0,0,0,0,0
0,62,0,1,0,0,0,0,1,0,0,0
0,72,0,0,1,0,1,0,1,0,0,0
0,23,0,1,0,0,0,1,0,0,0,0
0,10,0,0,0,0,0,0,1,1,0,0
0,17,1,0,1,0,0,1,0,0,0,0
0,11,0,0,1,0,0,0,1,0,0,0
6,24,0,0,1,1,0,0,1,1,0,1
0,12,1,0,1,0,0,0,1,0,0,0
0,76,0,1,1,0,0,0,1,0,0,0
0,32,0,0,0,1,0,0,1,0,0,0
0,18,0,0,0,0,0,0,1,0,0,1
0,20,0,0,0,0,0,1,0,1,0,0
0,14,0,0,0,0,0,0,1,0,0,0
0,47,0,1,0,1,0,0,1,0,0,1
0,15,1,0,1,0,0,0,1,0,0,0
9,22,1,0,0,0,0,1,0,0,0,1
0,30,1,0,1,0,1,0,1,0,0,0
0,41,0,0,1,1,0,0,1,0,0,0
6,32,1,0,0,0,0,0,1,0,0,1
0,49,0,1,0,1,0,0,1,0,0,0
0,0,0,0,0,0,0,1,0,0,0,1
9,50,1,0,0,1,0,1,0,0,0,1
4,81,0,1,0,0,0,1,0,0,0,1
7,27,0,1,0,1,0,1,0,0,0,1
7,20,1,0,1,0,0,1,0,0,0,1
0,15,0,0,0,1,0,1,0,0,0,0
0,17,0,0,1,0,1,0,1,0,0,0
0,10,0,1,1,0,0,1,0,0,0,1
0,37,1,0,1,0,0,0,1,0,0,0
7,17,0,1,1,0,0,1,0,0,0,1
9,5,0,0,0,0,0,1,0,1,0,1
0,0,0,1,1,0,0,0,0,0,0,0
4,48,0,1,1,1,0,0,1,0,0,1
0,27,0,1,0,0,1,0,1,0,0,0
1,74,0,0,0,0,0,0,1,0,0,1
1,30,0,0,0,1,0,0,1,1,0,1
8,13,0,1,0,0,0,1,0,0,0,1
0,20,0,0,1,0,0,0,1,0,0,0
4,3,0,1,1,0,0,0,0,0,0,1
0,30,1,0,1,0,1,1,0,0,0,0
0,1,0,1,0,0,0,0,0,0,0,0
0,35,0,0,0,1,0,0,1,0,0,0
0,46,0,0,1,0,0,0,1,0,0,1
0,34,1,0,0,0,1,0,1,0,0,0
0,18,0,1,1,0,0,0,1,0,0,0
0,55,1,0,0,0,0,0,1,0,0,0
0,43,1,0,0,0,1,0,1,0,0,0
0,14,0,0,0,1,0,0,1,0,0,0
0,23,0,0,0,0,0,0,1,0,0,1
0,7,0,0,0,0,0,0,1,0,0,1
1,29,0,1,1,0,0,1,0,0,0,1
0,18,0,0,1,1,0,0,1,1,0,1
0,48,0,1,1,0,0,0,1,0,0,0
8,24,0,0,1,0,0,0,1,0,0,1
0,86,0,0,1,0,0,0,1,0,1,0
0,16,0,0,1,0,0,0,1,0,0,0
0,14,1,0,0,0,1,0,1,0,0,1
0,14,0,0,0,0,0,0,1,0,0,0
0,91,0,1,1,1,0,0,1,0,0,0
1,16,0,0,0,0,0,0,1,1,0,1
7,18,0,0,1,0,0,0,1,1,0,1
0,48,0,1,1,0,1,0,1,0,0,0
0,26,0,1,1,0,0,0,1,0,0,1
2,32,0,1,1,1,0,1,0,0,0,1
0,11,1,0,0,0,0,0,1,0,0,0
0,44,1,0,0,0,1,0,1,0,0,0
0,14,0,0,0,0,0,1,0,0,0,0
0,3,0,1,1,0,0,0,1,0,0,0
0,52,0,1,1,0,0,0,1,0,0,0
0,72,0,0,0,1,0,0,1,0,0,0
3,22,0,0,0,0,0,0,1,0,0,1
0,18,1,0,0,0,0,0,1,0,0,1
0,9,1,0,1,0,0,1,0,0,0,1
0,43,0,1,1,0,0,0,1,0,0,1
0,67,0,0,0,1,0,0,1,0,0,0
0,6,0,0,0,0,1,1,0,1,0,0
0,17,1,0,0,0,0,1,0,0,0,0
0,17,0,1,0,0,0,1,0,0,0,0
0,27,0,0,1,0,0,0,1,0,0,0
2,8,0,0,0,0,0,1,0,0,0,1
0,26,0,1,1,0,0,0,1,0,0,1
0,42,0,1,1,0,0,0,1,0,0,0
0,11,0,1,1,0,0,1,0,0,0,0
0,38,0,0,1,1,0,0,1,1,0,0
1,32,0,0,0,0,0,0,0,0,0,1
0,37,0,1,0,1,0,1,0,0,0,0
0,69,0,1,1,0,1,0,1,0,0,0
0,39,1,0,0,1,0,1,0,0,0,1
0,20,0,1,0,0,0,0,1,0,0,0
0,16,1,0,0,0,1,0,1,0,0,0
0,57,0,1,1,1,0,0,1,0,0,0
0,2,0,1,1,0,0,0,0,0,0,0
0,25,0,0,0,1,0,0,1,0,0,0
9,60,0,0,0,0,0,1,0,0,0,1
7,29,1,0,0,0,0,1,0,0,0,1
0,30,0,1,1,0,1,0,1,0,0,1
0,9,0,1,1,0,0,0,1,0,0,0
1,37,0,1,1,0,0,0,1,0,0,1
0,12,0,0,1,1,0,0,1,0,0,0
4,4,0,0,1,0,0,1,0,1,0,1
0,10,1,0,0,0,0,0,1,0,0,1
0,10,1,0,1,0,0,1,0,0,0,1
3,60,1,0,0,0,1,0,0,0,0,1
0,31,0,0,1,1,0,0,1,1,0,0
0,2,0,1,0,0,0,1,0,0,0,0
3,35,0,1,1,1,0,0,0,0,0,1
0,23,0,1,1,1,0,0,1,0,0,0
0,27,0,0,0,0,0,0,1,0,0,0
1,21,1,0,0,0,0,0,0,0,0,1
0,10,1,0,1,0,0,0,1,0,0,1
0,14,0,1,1,0,1,0,1,0,0,0
0,7,0,1,1,0,0,0,1,0,0,0
0,37,1,0,0,0,0,0,0,0,0,0
0,39,1,0,0,1,0,0,1,0,0,0
0,54,0,0,1,0,1,0,1,0,0,1
0,64,0,0,1,0,0,0,1,1,0,0
4,24,0,0,1,0,0,0,1,0,0,1
2,23,0,1,1,0,0,0,1,0,0,1
0,43,0,1,1,0,1,0,1,0,0,0
4,31,0,1,1,0,0,1,0,0,0,1
0,14,0,1,1,0,0,1,0,0,0,1
0,11,1,0,1,0,0,0,1,0,0,0
0,17,0,0,1,0,0,0,1,0,0,0
2,14,0,0,0,0,0,0,1,0,0,1
0,19,0,1,1,0,0,0,1,0,0,0
0,24,1,0,0,0,0,0,1,0,0,0
0,31,0,0,0,0,0,0,1,0,0,0
0,12,0,1,1,0,0,0,1,0,0,1
0,14,0,0,1,0,0,0,1,1,0,0
0,41,0,1,1,0,1,0,1,0,0,0
0,35,0,0,1,1,0,0,1,0,0,0
0,34,1,0,1,0,0,1,0,0,0,0
0,60,0,1,0,0,1,0,1,0,0,0
0,5,0,1,0,0,0,0,1,0,0,1
0,47,0,1,0,1,0,0,1,0,0,0
0,90,0,1,0,1,0,0,1,0,0,0
0,10,1,0,0,0,0,1,0,0,0,0
3,7,0,1,1,1,0,1,0,0,0,1
0,30,0,1,0,1,0,0,1,0,0,0
0,11,0,1,1,0,0,0,1,0,0,1
0,25,0,0,0,0,0,0,1,0,0,0
5,21,0,0,1,0,0,1,0,0,0,1
1,62,0,1,0,1,0,0,1,0,0,1
3,7,0,1,1,1,0,0,1,0,0,1
0,6,1,0,1,0,0,0,1,0,0,0
0,6,0,1,1,0,0,0,1,0,0,0
0,16,0,1,1,1,0,0,1,0,0,0
0,34,1,0,0,0,1,0,1,0,0,1
0,68,0,1,0,1,0,1,0,0,0,0
0,24,1,0,1,1,0,0,1,0,0,0
1,16,1,0,0,0,0,0,1,0,0,1
0,4,0,0,1,0,0,1,0,0,0,1
9,13,1,0,0,0,0,1,0,0,0,1
7,43,1,0,0,0,0,1,0,0,0,1
1,15,0,1,1,0,0,0,1,0,0,1
0,42,1,0,1,0,0,1,0,0,0,0
0,17,0,0,1,0,0,1,0,0,0,1
1,15,1,0,0,0,0,0,1,0,0,1
0,32,1,0,0,0,0,1,0,0,0,0
0,35,1,0,1,0,0,0,1,0,0,0
1,41,0,0,0,0,0,0,1,0,0,1
1,32,1,0,0,0,0,0,1,0,0,1
0,30,0,1,1,1,0,0,1,0,0,0
0,18,0,1,1,0,1,0,1,0,0,0
0,3,0,0,1,0,0,1,0,0,0,1
0,25,0,0,1,0,0,0,1,0,0,1
6,20,1,0,0,0,0,1,0,0,0,1
0,42,0,0,0,0,0,0,1,0,0,0
0,17,1,0,0,0,0,0,1,0,0,0
2,28,0,1,0,0,0,0,1,0,0,1
0,34,0,1,0,0,1,0,1,0,0,1
0,13,0,0,1,0,0,0,1,0,0,0
0,30,0,0,0,0,0,0,1,0,0,0
4,10,0,0,0,0,0,1,0,0,0,1
0,4,0,0,0,0,1,0,0,0,0,1
0,31,1,0,1,1,0,1,0,0,0,0
0,15,0,0,0,0,0,1,0,0,0,0
0,8,1,0,1,0,0,1,0,0,0,0
9,80,0,0,1,1,0,0,1,0,0,1
0,16,1,0,0,0,0,1,0,0,0,0
7,25,0,0,0,0,0,1,0,0,0,1
0,30,0,1,1,0,0,0,1,0,0,1
0,42,0,1,1,1,0,0,1,0,0,0
0,23,0,1,0,1,0,1,0,0,0,0
1,59,0,1,0,1,0,0,0,0,0,1
0,15,1,0,1,0,0,1,0,0,0,0
0,41,0,1,0,1,0,1,0,0,0,0
0,16,1,0,0,0,1,0,1,0,0,0
0,41,0,1,1,1,0,0,1,0,0,0
0,5,0,1,1,0,1,1,0,0,0,0
1,23,0,1,1,0,0,0,0,0,0,1
3,36,0,1,0,1,0,1,0,0,0,1
0,39,0,1,1,0,1,0,1,0,0,0
7,24,0,0,0,1,0,0,1,0,0,1
1,29,0,1,0,0,0,0,1,0,0,1
0,1,0,0,1,0,0,0,0,1,0,0
0,11,1,0,0,0,0,1,0,0,0,1
0,26,0,0,1,0,0,0,1,0,0,0
4,46,0,0,0,0,0,0,1,0,0,1
0,6,1,0,0,0,0,1,0,0,0,1
4,49,0,0,1,0,0,1,0,0,0,1
6,21,1,0,0,0,0,1,0,0,0,1
5,21,0,0,1,1,0,0,1,1,0,1
0,20,1,0,0,0,0,0,1,0,0,0
0,3,0,0,1,0,0,1,0,0,0,0
0,18,0,0,0,1,0,0,1,1,0,0
1,29,1,0,0,0,0,0,0,0,0,1
0,28,0,0,1,1,0,0,1,0,0,0
0,14,1,0,0,0,1,0,1,0,0,0
0,8,0,0,1,0,0,0,1,0,0,0
0,12,0,1,1,0,0,1,0,0,0,0
0,18,0,1,0,0,0,0,0,0,0,0
9,42,0,1,0,1,0,0,1,0,0,1
0,29,0,0,0,1,0,0,1,0,0,0
0,45,0,1,0,1,0,0,1,0,0,1
0,52,0,1,0,1,0,0,1,0,0,0
0,65,0,1,1,1,0,0,1,0,0,0
2,102,0,0,0,0,0,0,1,0,0,1
0,7,0,0,0,0,0,0,0,0,0,0
0,31,0,1,0,1,0,0,1,0,0,0
1,16,0,0,0,0,0,0,1,0,0,1
8,14,0,1,1,1,0,1,0,0,1,0
0,48,0,0,1,0,0,0,0,0,0,0
0,8,0,0,1,0,0,0,1,1,0,0
0,7,0,0,0,0,0,0,1,0,0,0
0,32,0,1,0,0,0,0,1,0,0,1
0,20,0,1,0,0,0,1,0,0,0,0
0,47,0,1,0,1,0,0,1,0,0,0
0,9,0,0,0,0,0,0,1,0,0,1
0,8,0,0,0,0,0,1,0,0,0,0
0,18,1,0,0,0,1,0,1,0,0,1
0,1,1,0,1,0,1,0,0,0,0,0
0,65,1,0,0,1,0,0,1,0,0,0
0,16,0,0,0,0,1,0,1,0,0,1
7,42,0,0,1,1,0,0,1,0,1,0
2,14,0,0,0,0,0,0,0,0,0,1
7,17,0,1,0,0,0,0,0,1,1,0
0,31,0,1,1,1,0,0,1,0,0,0
6,40,0,0,0,1,0,1,0,0,0,1
0,14,0,1,1,0,0,0,0,0,0,1
0,48,0,0,0,0,0,0,1,0,0,0
0,17,0,1,1,0,0,1,0,0,0,1
6,34,1,0,1,0,0,1,0,0,0,1
0,10,0,0,0,0,0,0,1,0,0,0
1,55,0,1,0,0,0,1,0,0,0,1
0,32,0,0,1,0,0,1,0,0,0,0
5,8,1,0,1,0,0,1,0,0,0,1
0,25,0,1,1,0,0,1,0,0,0,1
0,31,0,1,0,0,0,0,1,0,0,0
0,20,0,0,0,0,0,1,0,0,0,0
0,75,1,0,0,1,0,0,1,0,0,0
0,81,0,1,1,1,0,0,1,0,0,0
4,18,1,0,0,0,0,0,0,0,0,1
0,53,0,0,0,1,0,0,1,0,0,0
0,22,1,0,0,0,0,1,0,0,0,0
2,26,1,0,0,0,0,0,1,0,0,1
0,14,0,0,1,0,0,0,1,1,0,0
0,19,0,0,1,0,0,0,1,0,0,0
0,72,1,0,1,0,1,0,1,0,0,0
0,55,0,1,1,1,0,0,1,0,0,0
2,13,1,0,0,0,1,0,1,0,0,1
0,48,0,0,0,0,0,0,1,0,0,1
0,35,0,0,1,0,0,0,1,0,0,0
0,20,1,0,0,0,0,1,0,0,0,0
7,22,1,0,1,0,0,0,0,0,1,0
0,12,0,0,1,0,1,1,0,0,0,0
0,7,0,1,1,0,0,1,0,0,0,1
2,14,0,1,1,0,0,0,1,0,0,1
1,54,0,1,0,1,0,0,1,0,0,1
2,31,0,0,0,0,0,1,0,0,0,1
3,16,0,1,1,0,0,1,0,0,0,1
1,21,0,1,0,0,0,1,0,0,0,1
0,28,0,0,0,0,1,0,1,0,0,1
0,6,1,0,0,0,0,0,0,0,0,1
4,24,0,1,1,0,0,0,1,0,0,1
6,73,1,0,1,1,0,0,0,0,0,1
0,63,0,0,0,1,0,0,1,0,0,0
10,24,0,0,1,1,0,0,1,0,0,1
0,6,0,1,0,0,0,1,0,0,0,1
0,17,1,0,0,0,0,1,0,0,0,0
0,21,1,0,0,0,0,0,1,0,0,1
0,13,0,0,1,0,0,0,1,0,0,1
6,3,0,0,1,0,0,0,0,0,0,1
0,48,1,0,0,0,0,0,1,0,0,0
0,17,1,0,0,0,0,1,0,0,0,0
0,29,0,0,0,0,0,1,0,0,0,0
0,10,0,0,0,0,0,1,0,0,0,0
0,70,0,1,0,1,0,0,1,0,0,0
0,13,0,0,1,0,0,0,1,0,0,0
0,29,0,0,1,0,0,0,1,0,0,1
0,25,1,0,0,0,0,0,1,0,0,0
0,27,0,1,1,0,1,0,1,0,0,0
3,32,0,0,0,0,0,0,1,0,0,1
0,22,0,0,0,0,1,1,0,0,0,0
3,3,1,0,0,0,0,1,0,0,0,1
0,25,1,0,0,0,0,0,1,0,0,1
0,11,1,0,1,0,0,0,1,0,0,0
2,15,0,1,1,0,0,0,0,0,0,1
3,13,0,0,0,1,0,1,0,0,0,1
0,28,0,1,1,0,0,0,1,0,0,1
0,32,0,1,0,0,0,1,0,0,0,0
0,38,0,0,1,0,0,1,0,0,0,0
0,70,0,0,1,1,0,0,1,0,0,0
0,10,0,0,1,0,1,0,1,0,0,0
1,40,0,0,1,0,0,0,1,0,0,1
0,57,0,0,0,1,0,0,1,0,0,0
0,17,1,0,1,1,0,0,1,0,0,1
0,76,1,0,0,1,0,0,1,0,0,0
0,49,0,1,0,0,0,0,1,0,0,1
0,67,0,1,1,1,0,0,0,0,0,0
0,16,0,1,0,0,0,1,0,0,0,0
0,62,0,0,0,0,0,0,1,0,0,0
0,24,1,0,1,1,0,0,1,0,0,0
0,4,1,0,1,0,0,0,1,0,0,0
0,62,0,1,0,1,0,0,1,0,0,0
0,13,0,1,0,0,0,1,0,0,0,0
2,3,0,0,1,0,0,0,0,0,0,1
8,26,0,0,1,0,0,1,0,0,0,1
1,10,0,0,0,1,0,1,0,0,0,1
1,21,0,0,0,0,0,1,0,0,0,1
1,22,0,0,0,0,0,0,1,0,0,1
1,17,0,0,0,0,0,0,1,0,0,1
0,64,0,0,0,0,0,1,0,0,0,0
1,41,1,0,0,0,0,0,1,0,0,1
0,13,0,1,1,1,0,1,0,0,0,1
0,31,0,0,0,1,0,1,0,0,0,0
0,69,0,1,0,0,0,0,1,0,0,0
0,8,0,0,1,0,0,1,0,1,0,1
0,59,1,0,1,1,0,0,1,0,0,0
0,19,0,1,0,0,0,1,0,0,0,0
0,14,0,0,0,0,0,1,0,0,0,0
1,12,0,1,0,0,0,0,1,0,0,1
1,16,0,0,0,0,0,0,1,0,0,1
8,52,1,0,0,0,0,0,1,0,0,1
3,13,0,1,1,0,0,1,0,0,0,1
0,49,0,1,1,1,0,0,0,0,0,0
0,5,1,0,0,0,0,0,1,0,0,0
0,21,0,1,0,0,0,0,1,0,0,0
3,18,0,1,1,1,0,0,0,0,0,1
0,6,0,0,1,0,0,0,1,0,0,1
0,13,0,1,1,0,0,1,0,0,0,0
1,20,0,1,0,0,0,0,1,0,0,1
0,13,0,1,1,0,0,1,0,0,0,0
0,77,0,1,0,0,0,0,1,0,0,0
2,27,0,1,1,0,0,0,1,0,0,1
4,52,0,0,0,1,0,1,0,1,0,1
0,6,0,1,1,0,0,0,0,0,0,1
0,24,1,0,1,0,0,0,1,0,0,1
1,34,0,1,0,1,0,0,1,0,0,1
0,53,1,0,0,0,0,1,0,0,0,0
0,13,1,0,0,0,0,0,1,0,0,0
1,15,1,0,0,0,0,0,1,0,0,1
1,23,0,1,0,0,0,1,0,0,1,0
0,24,1,0,1,0,0,1,0,0,0,0
0,9,0,0,1,0,0,1,0,1,0,0
6,17,0,0,1,0,0,1,0,0,0,1
0,81,0,0,1,1,0,0,1,0,0,0
0,12,0,0,1,0,0,0,1,0,0,1
0,15,0,0,1,0,0,1,0,0,0,0
0,5,0,0,0,0,0,0,0,0,0,0
0,18,0,0,1,0,0,0,1,0,0,0
6,13,0,0,0,0,0,1,0,0,0,1
0,40,0,0,0,0,1,0,1,0,0,0
0,7,1,0,0,0,0,1,0,0,0,0
0,71,0,1,1,1,0,0,1,0,0,0
7,23,1,0,0,0,0,1,0,0,0,1
4,71,0,0,1,0,0,1,0,0,0,1
0,7,1,0,1,0,0,0,0,0,0,0
0,10,0,1,1,0,0,1,0,0,0,0
9,46,0,1,1,0,0,0,0,0,0,1
0,9,1,0,1,0,0,0,1,0,0,0
0,3,1,0,0,0,0,0,0,0,0,0
0,9,0,0,1,0,1,1,0,0,0,0
0,14,0,0,1,0,0,0,1,1,0,1
0,3,1,0,1,0,0,0,1,0,0,0
0,13,0,0,0,0,0,0,0,0,0,1
0,8,1,0,1,0,0,0,1,0,0,1
10,25,0,0,1,1,0,0,1,0,0,1
0,11,1,0,1,0,1,1,0,0,0,0
9,81,0,1,1,1,0,1,0,0,0,1
3,28,0,1,1,0,0,1,0,0,0,1
0,11,0,0,1,0,0,0,1,0,0,1
0,18,0,0,1,0,0,0,0,0,0,0
6,12,0,1,0,0,0,1,0,0,0,1
1,56,0,0,1,0,0,0,1,0,0,1
0,28,0,0,1,0,0,1,0,0,0,1
4,21,1,0,1,0,0,1,0,0,0,1
0,13,0,0,1,0,0,0,1,0,0,1
0,21,1,0,0,1,0,1,0,0,0,0
0,7,0,0,0,0,0,0,1,0,0,0
0,31,1,0,0,1,0,0,1,0,0,0
1,106,0,0,0,0,1,0,1,0,0,1
0,6,0,1,0,0,0,1,0,0,0,0
1,41,1,0,0,0,0,1,0,0,0,1
0,5,0,0,1,0,0,1,0,0,0,0
4,14,0,1,1,0,0,1,0,0,0,1
0,48,1,0,1,1,0,0,1,0,0,0
0,59,0,1,1,0,1,0,1,0,0,0
4,34,1,0,1,0,0,0,1,0,0,1
0,3,1,0,1,0,0,1,0,0,0,1
1,13,0,0,0,0,0,0,1,1,0,1
0,35,0,0,0,0,0,0,1,0,0,1
0,15,0,1,0,0,0,0,1,0,0,0
1,10,1,0,0,0,0,0,1,0,0,1
0,17,0,0,0,0,0,0,1,0,0,1
0,33,0,0,0,0,0,0,1,0,0,0
3,43,0,0,0,0,0,0,1,0,0,1
0,28,0,1,1,1,0,0,1,0,0,0
0,38,0,1,1,0,0,0,1,0,0,0
1,16,1,0,1,0,0,1,0,0,1,0
0,44,0,1,0,0,0,1,0,0,0,0
0,10,0,0,1,0,0,0,0,0,0,0
0,9,0,1,1,0,0,0,1,0,0,1
0,44,0,0,0,0,0,0,1,0,0,0
