intake_age,days_stayed,simplified_color_gray,simplified_color_other,simplified_color_tabby,simplified_color_white,simplified_sex_male,simplified_condition_injured,simplified_condition_normal,simplified_condition_other,simplified_condition_under_weight,simplified_type_owner_surrender,simplified_type_stray
8,94,0,1,0,0,0,0,1,0,0,1,0
8,17,0,1,0,0,0,0,1,0,0,1,0
3,32,0,0,0,0,0,0,0,1,0,1,0
8,48,0,1,0,0,1,0,1,0,0,1,0
1,8,1,0,0,0,1,0,1,0,0,0,1
0,16,0,0,0,0,0,0,1,0,0,0,1
3,8,1,0,0,0,0,0,1,0,0,0,1
3,78,0,1,0,0,0,0,1,0,0,1,0
0,11,0,1,0,0,0,0,1,0,0,0,1
0,19,0,0,0,0,0,0,1,0,0,0,1
9,58,0,0,1,0,1,0,1,0,0,1,0
2,8,0,0,1,0,0,1,0,0,0,0,1
2,14,1,0,0,0,0,0,1,0,0,0,1
0,12,0,1,0,0,0,0,1,0,0,0,1
4,127,0,0,0,0,1,0,0,0,0,0,1
0,50,0,0,1,0,0,0,0,0,1,0,1
4,34,0,1,0,0,1,0,1,0,0,1,0
4,29,0,0,1,0,0,0,1,0,0,1,0
0,42,1,0,0,0,0,0,0,0,0,0,1
0,14,0,0,0,1,0,0,1,0,0,0,1
0,8,0,0,1,0,0,0,1,0,0,0,1
0,19,0,0,0,0,1,0,1,0,0,0,1
2,10,0,0,0,0,1,0,1,0,0,1,0
0,10,0,0,1,0,1,0,0,1,0,0,1
0,75,0,0,0,0,1,0,1,0,0,0,1
0,23,0,0,1,0,0,0,1,0,0,0,1
0,14,0,0,1,0,1,0,1,0,0,0,1
2,11,0,1,0,0,0,0,1,0,0,0,1
0,27,0,0,0,0,1,0,1,0,0,0,1
0,42,1,0,0,0,1,0,0,1,0,0,1
0,31,0,0,0,0,0,0,1,0,0,0,1
0,18,0,0,1,0,1,0,1,0,0,0,1
0,13,0,0,0,0,0,0,1,0,0,0,1
0,64,0,0,1,0,1,0,1,0,0,0,1
0,40,0,0,0,0,0,0,1,0,0,0,1
0,119,0,1,0,0,0,0,0,1,0,0,1
0,14,1,0,0,0,1,0,0,0,0,0,1
0,55,0,1,0,0,1,0,0,1,0,0,1
3,125,0,0,0,0,0,0,1,0,0,0,1
0,13,0,0,1,0,0,0,1,0,0,0,1
0,72,0,0,0,0,0,0,1,0,0,0,1
0,113,0,0,1,0,1,0,0,1,0,0,1
0,5,0,0,0,0,0,0,1,0,0,0,1
0,32,0,0,0,0,1,0,1,0,0,0,1
0,28,0,0,1,0,1,0,0,0,1,0,1
1,10,0,0,0,0,0,0,1,0,0,1,0
4,83,0,1,0,0,0,0,1,0,0,1,0
0,8,1,0,0,0,0,0,1,0,0,0,1
0,25,0,0,1,0,0,0,0,1,0,0,1
0,25,1,0,0,0,1,0,1,0,0,0,1
1,126,0,0,1,0,0,0,1,0,0,1,0
0,45,0,0,1,0,1,0,1,0,0,0,1
0,6,0,0,1,0,1,0,1,0,0,0,1
0,6,0,1,0,0,0,0,1,0,0,0,1
0,28,0,0,0,0,0,0,1,0,0,0,1
0,8,0,0,1,0,1,0,1,0,0,0,1
0,21,0,0,1,0,1,0,1,0,0,0,1
0,7,0,1,0,0,1,0,1,0,0,0,1
4,43,0,0,1,0,0,0,1,0,0,0,1
2,8,0,0,1,0,1,0,1,0,0,0,1
0,7,1,0,0,0,0,0,1,0,0,0,1
0,17,0,0,1,0,1,0,0,1,0,0,1
0,22,0,0,0,0,1,0,1,0,0,0,1
0,7,0,1,0,0,0,0,1,0,0,0,1
3,27,0,1,0,0,0,0,1,0,0,0,1
0,6,1,0,0,0,1,0,1,0,0,0,1
2,109,0,0,1,0,1,0,1,0,0,0,1
0,2,0,1,0,0,1,0,1,0,0,1,0
6,83,0,0,1,0,1,0,1,0,0,0,1
0,45,0,0,1,0,1,0,1,0,0,1,0
1,69,0,0,1,0,0,0,1,0,0,0,1
4,41,0,0,0,1,1,1,0,0,0,1,0
0,32,0,1,0,0,0,0,1,0,0,0,1
3,58,0,0,1,0,0,0,1,0,0,0,1
0,5,0,0,0,0,1,0,1,0,0,0,1
0,10,0,1,0,0,1,0,0,0,1,0,1
0,16,0,0,1,0,0,0,0,0,1,0,1
0,12,0,0,0,0,1,0,1,0,0,0,1
0,7,1,0,0,0,0,0,1,0,0,1,0
0,77,0,0,0,0,1,0,0,0,1,0,1
0,100,1,0,0,0,1,0,1,0,0,0,1
1,15,0,0,1,0,0,0,1,0,0,0,1
0,125,0,0,0,0,1,0,0,0,1,0,1
4,7,0,0,0,1,1,0,0,0,0,1,0
0,89,0,0,0,0,1,0,1,0,0,0,1
0,8,0,0,0,0,0,0,1,0,0,0,1
4,36,0,0,1,0,1,0,0,0,0,0,1
4,9,0,0,0,0,1,0,1,0,0,0,1
0,57,0,0,1,0,1,0,1,0,0,0,1
0,17,0,0,1,0,0,0,1,0,0,0,1
3,10,1,0,0,0,1,0,1,0,0,0,1
4,71,0,1,0,0,0,0,0,0,0,0,0
4,72,0,1,0,0,1,0,1,0,0,0,1
0,6,0,0,1,0,1,0,1,0,0,0,1
0,11,0,1,0,0,1,0,1,0,0,0,1
0,16,0,0,1,0,0,0,1,0,0,0,1
0,56,0,0,1,0,1,0,0,1,0,0,1
0,20,0,1,0,0,1,0,1,0,0,0,1
0,7,0,0,1,0,1,0,1,0,0,0,1
0,38,0,0,0,0,1,0,1,0,0,0,1
0,21,0,1,0,0,0,0,1,0,0,0,1
9,4,0,1,0,0,0,0,1,0,0,1,0
0,47,0,0,0,0,1,0,0,0,1,0,1
0,57,0,0,0,0,0,0,1,0,0,0,1
0,41,0,0,1,0,1,0,0,1,0,0,1
0,10,0,0,1,0,1,0,0,1,0,0,1
1,42,0,0,1,0,0,0,1,0,0,0,1
0,126,0,1,0,0,0,0,1,0,0,0,1
0,8,1,0,0,0,1,0,1,0,0,0,1
0,19,0,1,0,0,0,0,0,1,0,0,1
4,118,0,0,1,0,0,0,0,1,0,0,1
3,3,0,0,1,0,0,0,1,0,0,0,1
0,3,0,0,1,0,1,0,1,0,0,0,1
0,77,0,1,0,0,1,0,1,0,0,0,1
5,122,0,0,1,0,0,0,1,0,0,0,1
0,4,0,0,1,0,0,0,1,0,0,0,1
1,36,0,0,1,0,1,1,0,0,0,0,1
9,79,0,0,0,0,1,0,1,0,0,0,1
2,69,0,1,0,0,1,0,1,0,0,0,1
4,31,0,0,0,0,1,0,1,0,0,0,1
4,114,0,0,0,0,1,0,0,1,0,0,1
0,72,1,0,0,0,1,0,1,0,0,0,1
5,57,0,0,0,0,0,0,1,0,0,1,0
0,11,0,0,0,1,0,0,1,0,0,1,0
2,95,0,0,0,0,1,1,0,0,0,0,1
0,8,0,0,0,0,0,0,1,0,0,0,1
2,84,0,0,1,0,0,0,1,0,0,0,1
0,13,0,1,0,0,0,0,1,0,0,0,1
0,6,1,0,0,0,1,0,0,0,1,0,1
0,91,0,0,1,0,0,0,0,0,1,0,1
0,43,0,0,0,0,1,1,0,0,0,0,1
0,22,0,1,0,0,0,0,0,0,1,0,1
0,51,0,0,1,0,1,0,0,0,1,0,1
0,22,1,0,0,0,1,0,0,0,1,0,1
0,22,0,1,0,0,0,0,0,0,1,0,1
0,22,0,1,0,0,0,0,0,0,1,0,1
0,146,0,0,1,0,1,0,0,0,1,0,1
0,25,0,0,0,0,1,0,0,0,1,0,1
0,60,0,0,0,0,0,0,0,0,1,0,1
0,61,0,0,0,0,1,0,0,0,1,0,1
0,75,0,0,0,0,0,0,0,0,1,0,1
0,24,0,0,0,0,1,0,1,0,0,0,1
0,13,0,0,0,1,0,0,0,0,1,0,1
0,34,1,0,0,0,1,0,1,0,0,0,1
4,25,0,1,0,0,1,0,1,0,0,0,1
0,5,0,0,0,0,1,0,0,0,1,0,1
0,65,0,0,1,0,1,0,0,0,1,0,1
0,6,0,1,0,0,0,0,0,0,1,0,1
0,2,0,1,0,0,0,0,1,0,0,0,1
0,47,0,0,1,0,1,0,1,0,0,0,0
0,63,0,0,1,0,0,0,1,0,0,0,1
0,105,0,0,0,0,1,0,1,0,0,0,1
4,25,0,0,0,0,1,0,1,0,0,1,0
0,4,0,0,1,0,1,0,1,0,0,0,1
0,47,0,1,0,0,0,0,0,0,1,0,1
0,13,0,0,1,0,1,0,1,0,0,0,1
0,36,0,0,0,1,0,0,0,0,1,0,1
0,21,0,0,1,0,1,0,0,0,1,0,1
0,82,0,1,0,0,0,0,1,0,0,0,1
0,91,0,0,1,0,1,0,1,0,0,0,1
1,32,0,0,0,0,0,0,0,0,0,0,1
2,34,0,1,0,0,1,0,1,0,0,0,1
0,81,0,0,0,0,0,0,1,0,0,0,1
0,112,0,0,1,0,1,0,1,0,0,0,1
0,76,0,0,1,0,1,0,0,0,1,0,1
2,28,0,0,1,0,1,0,1,0,0,0,0
0,135,0,0,1,0,0,0,1,0,0,0,1
0,149,0,0,0,0,0,0,1,0,0,0,1
1,20,0,0,1,0,0,0,1,0,0,0,1
0,31,1,0,0,0,1,0,0,0,1,0,1
0,75,0,0,1,0,0,0,0,1,0,0,1
0,7,1,0,0,0,0,0,1,0,0,0,1
0,22,0,0,0,0,1,0,1,0,0,0,1
0,25,0,0,0,0,0,0,1,0,0,0,1
0,7,0,0,0,0,0,0,1,0,0,0,1
0,34,0,1,0,0,0,0,0,0,1,0,1
0,18,0,0,0,0,1,1,0,0,0,0,1
9,102,0,0,0,0,0,0,1,0,0,1,0
9,56,0,0,0,0,1,0,1,0,0,1,0
9,56,0,0,1,0,1,0,1,0,0,1,0
6,45,0,0,1,0,1,0,0,0,0,0,1
6,7,1,0,0,0,1,0,1,0,0,1,0
8,131,0,0,0,0,0,0,1,0,0,1,0
3,137,1,0,0,0,0,0,1,0,0,1,0
9,80,0,1,0,0,0,0,1,0,0,1,0
1,9,0,1,0,0,1,0,1,0,0,0,1
3,23,0,0,1,0,0,0,1,0,0,0,1
0,7,0,1,0,0,0,0,1,0,0,0,1
0,10,0,0,1,0,0,0,1,0,0,0,1
2,50,0,0,0,1,0,0,1,0,0,1,0
0,16,0,0,1,0,0,0,1,0,0,0,1
3,37,0,0,1,0,0,0,1,0,0,0,1
0,73,0,0,0,0,1,0,1,0,0,0,1
6,122,0,0,1,0,0,0,1,0,0,0,1
0,13,0,0,1,0,1,0,0,1,0,0,1
6,7,0,1,0,0,1,0,1,0,0,0,1
6,16,0,1,0,0,1,0,1,0,0,1,0
6,36,0,0,1,0,1,0,1,0,0,0,1
0,16,1,0,0,0,0,0,1,0,0,0,1
0,6,0,1,0,0,0,0,1,0,0,1,0
0,23,0,0,1,0,1,0,1,0,0,0,1
2,138,0,1,0,0,0,0,1,0,0,0,1
0,17,1,0,0,0,1,0,1,0,0,0,1
0,42,0,0,1,0,0,0,0,1,0,0,1
7,21,0,0,0,0,1,0,1,0,0,0,1
9,24,1,0,0,0,1,0,1,0,0,1,0
0,20,0,0,0,0,0,0,1,0,0,0,1
0,25,0,1,0,0,0,0,1,0,0,0,1
0,24,0,0,1,0,0,0,1,0,0,0,1
3,15,1,0,0,0,0,0,1,0,0,0,1
3,13,0,0,1,0,0,0,1,0,0,0,1
2,86,0,0,0,0,1,0,1,0,0,0,1
2,56,0,0,0,0,0,0,1,0,0,1,0
0,41,1,0,0,0,0,0,1,0,0,0,1
0,32,0,0,1,0,1,0,1,0,0,0,1
0,7,0,0,1,0,0,0,1,0,0,0,1
1,12,0,0,0,0,0,0,1,0,0,1,0
0,116,0,0,1,0,1,1,0,0,0,0,1
0,34,0,0,1,0,1,0,1,0,0,1,0
4,128,0,1,0,0,0,0,1,0,0,0,0
0,21,0,0,1,0,1,0,0,1,0,0,1
0,68,0,0,1,0,0,0,0,0,1,0,1
0,19,0,0,0,1,1,0,0,0,1,0,1
0,7,0,0,1,0,1,0,1,0,0,0,1
0,85,1,0,0,0,1,0,0,0,1,0,1
0,22,0,0,1,0,1,0,1,0,0,0,1
3,103,0,0,1,0,1,1,0,0,0,0,1
1,126,1,0,0,0,0,0,1,0,0,1,0
3,37,0,0,0,0,1,0,1,0,0,0,1
0,31,0,0,1,0,1,0,1,0,0,0,1
0,35,0,0,1,0,1,0,0,0,1,0,1
4,30,0,0,1,0,0,0,1,0,0,0,1
0,16,1,0,0,0,1,0,1,0,0,0,1
0,34,0,0,0,1,1,0,1,0,0,0,1
4,18,1,0,0,0,1,0,1,0,0,0,1
0,15,0,0,0,0,1,0,1,0,0,0,1
2,16,0,1,0,0,0,0,1,0,0,1,0
3,125,0,0,1,0,1,0,1,0,0,1,0
3,8,0,1,0,0,0,0,1,0,0,0,1
0,21,0,1,0,0,0,0,1,0,0,0,1
1,38,0,1,0,0,1,0,1,0,0,0,1
0,123,0,0,0,0,0,0,0,0,1,0,1
0,31,0,0,0,0,1,0,0,0,1,0,1
1,27,0,0,0,1,0,0,1,0,0,0,1
0,59,0,0,1,0,1,0,1,0,0,0,1
0,102,0,0,1,0,0,0,1,0,0,0,1
0,45,0,0,0,0,1,0,1,0,0,0,1
9,62,1,0,0,0,0,0,1,0,0,1,0
0,30,0,0,1,0,0,0,1,0,0,0,0
0,30,0,1,0,0,0,0,1,0,0,0,0
0,14,0,1,0,0,1,0,1,0,0,0,1
7,1,0,0,0,1,1,0,1,0,0,1,0
7,1,0,0,0,1,0,0,1,0,0,1,0
0,20,0,0,1,0,1,0,0,0,1,0,1
0,12,0,1,0,0,0,0,1,0,0,0,1
4,61,0,0,1,0,1,0,1,0,0,0,1
0,67,0,0,0,0,1,0,0,0,1,0,1
0,91,0,0,1,0,0,0,1,0,0,0,1
0,72,0,0,1,0,1,0,0,0,1,0,1
3,14,0,1,0,0,0,0,1,0,0,1,0
0,81,0,0,0,0,1,0,1,0,0,0,1
0,4,0,0,0,1,1,0,1,0,0,0,1
0,91,0,0,0,0,1,0,1,0,0,1,0
0,76,0,0,0,0,0,0,0,0,1,0,1
0,39,0,0,0,0,1,0,1,0,0,0,1
0,53,1,0,0,0,0,1,0,0,0,0,1
3,71,0,1,0,0,0,0,1,0,0,0,1
1,75,0,1,0,0,0,0,1,0,0,0,1
0,27,0,0,1,0,0,0,1,0,0,0,1
8,71,0,0,0,0,0,0,1,0,0,1,0
4,65,0,0,1,0,1,0,1,0,0,1,0
0,40,0,1,0,0,0,0,1,0,0,0,1
0,40,0,1,0,0,0,0,1,0,0,0,1
1,60,0,1,0,0,0,0,1,0,0,1,0
0,76,0,0,1,0,0,0,1,0,0,0,1
0,54,0,1,0,0,0,0,1,0,0,0,1
0,42,0,0,1,0,1,0,0,1,0,0,1
0,6,0,0,1,0,0,0,1,0,0,0,1
0,41,1,0,0,0,0,0,1,0,0,0,1
0,30,0,0,1,0,1,0,0,1,0,0,1
2,23,0,0,0,0,0,0,1,0,0,0,0
4,38,0,1,0,0,0,0,1,0,0,0,1
0,77,0,1,0,0,0,0,1,0,0,0,1
8,16,0,0,1,0,0,0,1,0,0,1,0
0,10,0,0,0,1,1,0,1,0,0,0,1
1,9,0,1,0,0,0,0,1,0,0,0,1
1,38,0,0,1,0,0,1,0,0,0,0,1
6,29,0,1,0,0,1,0,1,0,0,1,0
0,21,0,0,1,0,0,0,1,0,0,0,1
0,11,0,1,0,0,0,0,1,0,0,1,0
2,6,0,1,0,0,0,0,1,0,0,0,1
0,29,0,1,0,0,0,0,1,0,0,0,1
0,1,0,0,0,0,0,0,0,0,1,0,1
0,21,0,1,0,0,0,0,0,0,0,0,1
1,108,0,0,0,0,1,0,1,0,0,0,1
2,70,0,0,1,0,0,0,1,0,0,0,1
0,63,0,0,0,0,1,0,0,0,1,0,1
0,32,0,0,0,0,0,0,0,1,0,0,1
0,7,0,0,0,0,1,0,1,0,0,0,1
0,54,0,1,0,0,0,0,0,1,0,0,1
0,98,0,1,0,0,0,0,0,1,0,0,1
0,105,0,0,0,0,1,0,0,1,0,0,1
0,29,0,1,0,0,0,0,0,0,1,0,1
0,15,0,1,0,0,1,0,0,0,1,0,1
0,20,0,0,1,0,0,0,0,0,1,0,1
0,8,0,0,0,0,1,0,0,0,1,0,1
0,8,0,0,1,0,0,0,0,0,1,0,1
0,3,0,0,0,1,1,0,1,0,0,0,1
0,3,0,0,1,0,1,0,1,0,0,0,1
0,21,0,1,0,0,0,0,0,0,1,0,1
0,6,0,0,1,0,0,0,0,0,1,0,1
0,9,0,0,1,0,0,0,0,0,1,0,1
0,3,0,0,0,0,1,0,1,0,0,0,1
0,18,0,0,1,0,0,0,1,0,0,0,1
0,70,1,0,0,0,1,0,1,0,0,0,1
0,70,1,0,0,0,0,0,1,0,0,0,1
0,112,0,0,0,0,1,0,1,0,0,0,1
4,12,0,0,0,0,0,0,1,0,0,0,1
0,69,0,0,1,0,1,0,1,0,0,0,1
0,42,0,0,1,0,1,0,1,0,0,0,1
0,62,0,0,0,0,0,0,0,0,1,0,1
0,30,0,0,1,0,1,0,0,0,1,0,1
0,21,0,0,1,0,1,0,1,0,0,0,1
0,13,0,1,0,0,0,0,1,0,0,0,1
0,49,0,0,1,0,0,0,1,0,0,0,1
0,46,0,0,0,0,1,1,0,0,0,0,1
0,120,0,0,1,0,0,0,1,0,0,0,1
0,24,1,0,0,0,0,0,1,0,0,0,1
1,17,1,0,0,0,1,0,1,0,0,1,0
0,41,1,0,0,0,1,0,0,0,0,0,1
0,14,0,0,0,0,0,0,1,0,0,1,0
0,12,0,0,1,0,1,0,1,0,0,0,1
0,36,0,0,0,1,1,0,0,0,1,0,1
1,116,0,0,0,0,1,0,1,0,0,1,0
0,16,0,0,1,0,0,0,1,0,0,0,1
0,15,0,0,1,0,0,0,1,0,0,0,1
0,72,0,0,1,0,1,0,1,0,0,0,1
0,21,0,0,1,0,0,0,0,1,0,0,1
0,4,0,0,1,0,0,0,1,0,0,0,1
0,90,0,1,0,0,1,0,0,0,1,0,1
1,70,0,0,1,0,1,0,1,0,0,0,1
2,107,0,0,1,0,0,0,1,0,0,0,1
0,84,0,0,1,0,0,0,1,0,0,0,1
0,41,0,0,1,0,0,0,0,0,0,0,1
0,65,0,0,0,0,1,0,0,0,1,0,1
0,4,0,0,0,0,1,0,0,0,1,0,1
0,72,0,0,1,0,1,0,1,0,0,1,0
0,83,0,0,0,0,1,0,0,0,1,0,1
0,65,0,1,0,0,0,0,1,0,0,0,1
0,13,0,1,0,0,1,0,0,0,1,0,1
0,96,0,0,1,0,1,0,1,0,0,0,1
0,35,0,0,1,0,0,0,1,0,0,0,1
0,14,0,1,0,0,1,0,1,0,0,0,1
0,21,0,0,0,0,1,0,1,0,0,0,1
5,29,0,0,0,0,0,0,1,0,0,1,0
0,21,1,0,0,0,1,1,0,0,0,0,1
0,17,0,0,1,0,0,0,1,0,0,1,0
2,3,0,0,0,0,1,0,1,0,0,0,0
1,56,0,0,0,0,1,0,0,0,0,0,1
4,36,0,0,1,0,1,0,1,0,0,1,0
0,12,0,0,0,0,0,0,1,0,0,0,1
0,2,0,0,0,0,0,0,1,0,0,1,0
2,64,0,0,1,0,0,0,1,0,0,1,0
0,111,0,0,0,0,0,0,0,0,1,0,1
5,85,0,1,0,0,0,0,1,0,0,0,0
0,12,0,0,1,0,1,0,1,0,0,0,1
0,21,0,1,0,0,1,0,0,0,0,0,1
0,6,0,0,1,0,0,0,1,0,0,0,1
0,36,0,0,1,0,1,0,0,0,1,0,1
0,25,0,0,1,0,0,0,1,0,0,0,1
3,82,0,0,1,0,0,0,1,0,0,1,0
3,13,0,1,0,0,1,0,1,0,0,1,0
2,13,0,0,0,0,1,0,0,0,0,0,1
0,17,0,0,1,0,0,0,1,0,0,1,0
3,83,0,0,1,0,1,0,1,0,0,1,0
0,17,0,1,0,0,1,1,0,0,0,0,1
3,14,0,0,0,0,0,0,1,0,0,1,0
0,5,0,0,1,0,1,0,1,0,0,0,1
0,21,0,0,1,0,1,0,1,0,0,0,1
0,15,0,0,1,0,1,0,1,0,0,0,1
0,103,0,0,0,0,1,0,1,0,0,0,1
0,3,0,0,1,0,0,0,0,1,0,1,0
2,23,0,0,0,0,0,0,0,1,0,0,1
0,86,0,0,1,0,0,0,1,0,0,0,1
0,25,0,0,0,0,1,0,1,0,0,0,1
0,9,0,0,0,0,1,0,0,0,0,0,1
0,7,0,0,1,0,0,0,1,0,0,0,1
4,16,0,0,0,0,0,0,1,0,0,0,1
0,55,0,0,0,0,0,0,0,0,1,0,1
1,15,0,1,0,0,0,0,1,0,0,0,1
0,46,0,0,1,0,1,0,0,0,1,0,1
1,6,0,1,0,0,0,0,1,0,0,0,1
0,25,0,0,0,0,0,0,1,0,0,0,0
0,27,0,1,0,0,0,0,0,0,0,0,1
0,1,0,1,0,0,1,0,1,0,0,0,1
0,16,0,0,1,0,1,0,1,0,0,0,1
0,7,0,0,1,0,1,0,1,0,0,0,1
0,11,0,1,0,0,0,0,1,0,0,0,1
0,21,0,0,0,1,0,0,1,0,0,0,1
0,4,1,0,0,0,1,0,1,0,0,0,1
0,66,0,1,0,0,0,0,1,0,0,0,1
1,65,0,1,0,0,0,0,1,0,0,0,1
2,20,0,0,0,1,0,0,1,0,0,1,0
6,4,0,0,1,0,1,0,1,0,0,0,1
0,65,0,0,1,0,1,0,1,0,0,0,1
0,7,0,0,0,1,0,0,1,0,0,0,1
0,7,0,0,0,1,1,0,1,0,0,0,1
1,19,0,1,0,0,1,0,0,0,0,0,1
6,61,0,1,0,0,1,0,1,0,0,0,0
5,24,0,0,0,0,1,0,0,0,0,0,1
4,16,1,0,0,0,0,0,1,0,0,1,0
0,26,0,1,0,0,0,1,0,0,0,0,1
1,13,0,0,0,1,0,0,1,0,0,0,1
4,15,1,0,0,0,1,1,0,0,0,0,1
0,11,0,0,0,0,0,0,1,0,0,0,1
3,2,0,0,0,0,1,0,1,0,0,1,0
9,12,0,0,0,0,1,0,0,0,0,0,1
2,6,1,0,0,0,1,0,1,0,0,1,0
0,6,1,0,0,0,0,0,1,0,0,0,1
1,3,0,1,0,0,1,0,1,0,0,0,0
2,10,0,1,0,0,1,0,0,0,0,0,1
2,44,0,0,0,0,1,0,1,0,0,0,1
0,84,0,0,0,0,0,0,0,0,1,0,1
0,4,0,0,0,0,1,0,1,0,0,0,1
0,90,0,0,1,0,1,0,0,0,1,0,1
0,100,0,0,1,0,0,0,0,0,1,0,1
0,98,0,0,0,0,1,0,0,0,1,0,1
0,15,0,0,0,0,0,0,0,1,0,0,1
2,7,0,0,0,0,1,0,1,0,0,0,1
0,6,0,0,1,0,1,0,1,0,0,0,1
0,82,0,0,0,0,0,0,0,0,1,0,1
0,7,0,0,1,0,1,0,0,0,0,0,1
0,8,0,0,0,0,1,0,1,0,0,0,1
0,48,0,0,1,0,1,0,1,0,0,0,1
3,91,0,0,0,0,1,0,1,0,0,0,0
0,144,0,0,0,0,0,0,0,0,1,0,1
0,64,0,0,1,0,1,0,1,0,0,0,1
0,9,0,0,1,0,1,0,1,0,0,0,1
2,53,0,1,0,0,1,0,1,0,0,1,0
0,24,0,1,0,0,0,0,1,0,0,0,1
0,39,0,0,1,0,1,0,0,0,1,0,1
0,81,0,0,0,0,1,0,1,0,0,0,1
0,57,0,0,0,0,0,0,0,0,0,0,1
0,22,1,0,0,0,1,1,0,0,0,0,1
0,128,0,0,0,0,1,0,1,0,0,0,1
0,73,0,0,1,0,1,0,1,0,0,0,1
0,24,0,0,1,0,1,0,1,0,0,0,1
1,148,0,0,0,0,0,0,1,0,0,1,0
0,33,0,1,0,0,1,0,1,0,0,0,1
2,48,0,0,1,0,1,0,1,0,0,0,1
0,38,0,1,0,0,1,0,0,0,0,0,1
0,19,0,1,0,0,0,0,0,0,1,0,1
0,121,1,0,0,0,0,0,1,0,0,0,1
2,103,0,0,1,0,1,0,1,0,0,0,1
0,9,0,0,0,0,1,0,1,0,0,0,1
0,4,0,1,0,0,0,0,1,0,0,0,1
0,28,0,0,1,0,1,1,0,0,0,0,1
0,69,1,0,0,0,0,0,1,0,0,0,1
0,15,0,0,1,0,0,0,1,0,0,0,1
4,55,0,0,0,0,1,0,1,0,0,0,1
0,16,0,0,0,0,0,0,1,0,0,0,1
0,85,1,0,0,0,1,0,0,0,0,1,0
0,68,1,0,0,0,1,0,1,0,0,0,1
6,52,0,0,0,0,0,0,1,0,0,1,0
7,92,0,0,0,1,0,0,0,0,0,0,1
2,42,0,0,0,1,1,0,0,0,0,0,1
0,64,0,0,0,0,1,0,0,0,0,0,1
0,1,1,0,0,0,0,0,0,0,1,0,1
0,0,0,0,1,0,1,0,1,0,0,0,1
0,117,0,1,0,0,1,0,1,0,0,0,1
0,13,0,0,0,0,1,0,1,0,0,0,1
8,21,1,0,0,0,0,0,1,0,0,1,0
0,6,1,0,0,0,0,0,1,0,0,1,0
0,97,1,0,0,0,1,0,1,0,0,1,0
1,43,0,0,1,0,0,0,1,0,0,1,0
0,3,0,1,0,0,0,0,1,0,0,1,0
3,14,0,0,1,0,0,0,1,0,0,0,0
2,41,0,0,0,0,1,0,1,0,0,0,1
0,48,1,0,0,0,0,0,0,0,1,0,1
3,37,0,0,1,0,1,0,1,0,0,0,1
3,14,0,1,0,0,0,0,0,1,0,0,0
1,9,0,1,0,0,1,0,1,0,0,1,0
0,8,0,0,1,0,1,0,1,0,0,0,1
0,44,0,0,0,0,1,0,1,0,0,0,1
0,104,0,0,1,0,0,0,0,0,1,0,1
0,21,0,0,0,0,0,0,0,0,1,0,1
1,54,0,1,0,0,0,0,1,0,0,0,1
0,50,0,1,0,0,0,0,1,0,0,0,1
8,34,0,0,1,0,1,0,1,0,0,0,0
0,14,0,0,1,0,0,0,0,0,1,0,1
1,37,0,0,0,0,0,0,1,0,0,0,1
0,37,0,0,0,0,1,0,1,0,0,0,1
7,57,0,0,0,0,1,1,0,0,0,0,1
0,97,0,0,0,0,0,0,0,0,1,0,1
0,7,0,0,1,0,0,0,0,0,1,0,1
0,16,0,0,1,0,0,0,0,0,0,0,1
0,15,0,0,0,0,1,0,0,0,0,0,1
0,27,0,0,0,0,0,0,0,0,1,0,1
0,70,0,1,0,0,1,0,0,0,1,0,1
0,8,0,0,0,1,0,0,0,0,1,0,1
0,39,0,0,0,1,1,0,0,0,0,0,1
0,7,0,1,0,0,1,1,0,0,0,0,1
0,28,0,0,0,0,0,0,0,0,1,0,1
7,16,0,1,0,0,0,0,1,0,0,0,0
0,7,0,1,0,0,1,0,1,0,0,0,1
0,42,0,0,0,0,1,0,1,0,0,0,1
0,6,0,0,1,0,1,0,0,0,1,0,1
0,24,0,0,1,0,0,0,0,0,1,0,1
0,23,1,0,0,0,1,0,0,0,1,0,1
0,128,0,0,0,1,1,0,1,0,0,1,0
1,91,0,1,0,0,0,0,1,0,0,1,0
0,48,0,0,0,0,1,0,0,0,1,0,1
0,43,0,0,0,1,1,0,0,0,1,0,1
4,50,0,1,0,0,1,0,1,0,0,0,1
0,52,1,0,0,0,1,0,0,0,1,0,1
0,10,0,0,0,0,1,0,0,0,0,0,1
0,45,0,0,1,0,1,1,0,0,0,0,1
9,8,0,0,0,0,0,0,1,0,0,1,0
0,10,0,1,0,0,0,0,1,0,0,0,1
0,24,0,0,0,1,1,0,0,0,1,0,1
0,37,0,0,1,0,1,0,1,0,0,0,1
8,92,0,1,0,0,0,1,0,0,0,0,1
0,119,0,0,1,0,1,0,1,0,0,0,1
0,79,0,0,1,0,1,0,0,0,1,0,1
0,18,0,0,0,0,0,0,0,0,0,0,1
1,36,0,0,0,1,0,0,1,0,0,1,0
0,13,0,1,0,0,1,0,1,0,0,0,1
0,58,0,0,0,0,1,0,0,0,1,0,1
0,72,0,0,1,0,0,0,0,0,1,0,1
0,6,0,1,0,0,1,0,0,0,1,0,1
0,32,0,1,0,0,0,0,1,0,0,0,1
0,75,0,1,0,0,0,0,1,0,0,0,1
0,3,0,0,1,0,1,0,1,0,0,0,1
0,7,0,0,1,0,0,0,0,0,1,0,1
1,70,0,0,1,0,1,0,1,0,0,0,1
0,17,0,0,1,0,1,0,1,0,0,0,1
0,5,0,1,0,0,1,0,1,0,0,0,1
0,92,0,0,0,0,1,0,1,0,0,0,1
3,133,0,0,1,0,0,0,1,0,0,0,0
0,1,0,0,0,1,0,0,1,0,0,0,1
0,23,0,0,0,0,1,0,0,0,1,0,1
3,9,0,0,0,0,0,0,1,0,0,0,1
0,42,0,0,0,0,0,0,1,0,0,0,1
0,42,0,1,0,0,0,0,1,0,0,0,1
0,17,1,0,0,0,0,0,1,0,0,0,1
0,51,0,0,1,0,0,0,1,0,0,0,1
1,79,0,1,0,0,0,0,0,1,0,0,1
1,73,0,1,0,0,0,1,0,0,0,0,1
4,39,0,0,1,0,0,0,0,0,0,0,1
1,12,0,0,1,0,1,1,0,0,0,0,1
4,18,0,0,0,0,1,0,1,0,0,0,0
4,52,0,0,1,0,1,0,0,0,0,0,1
0,54,0,1,0,0,1,0,0,0,1,0,1
7,18,0,0,0,0,0,0,1,0,0,0,1
4,20,0,0,1,0,0,0,1,0,0,1,0
0,30,1,0,0,0,1,0,1,0,0,0,1
6,61,0,0,1,0,1,1,0,0,0,0,1
1,8,0,0,1,0,1,0,1,0,0,0,1
1,3,1,0,0,0,1,0,1,0,0,0,1
4,28,1,0,0,0,1,0,1,0,0,1,0
0,38,0,1,0,0,1,0,0,0,1,0,1
4,30,0,0,0,0,1,0,1,0,0,1,0
0,56,0,0,0,0,1,0,0,1,0,0,1
0,39,0,0,0,0,1,0,0,0,1,0,1
0,3,0,0,1,0,1,0,0,0,1,0,1
0,13,0,1,0,0,1,0,0,0,1,0,1
0,111,0,1,0,0,0,0,0,0,1,0,1
0,17,0,0,0,0,1,0,0,1,0,0,1
0,39,0,0,0,0,0,0,0,0,0,0,1
0,9,0,0,0,1,0,0,0,1,0,0,0
0,90,0,0,0,0,1,0,0,1,0,0,0
0,33,0,0,0,0,0,0,1,0,0,0,1
0,58,0,0,0,0,1,0,1,0,0,0,1
0,117,0,0,1,0,1,0,0,0,0,0,1
0,3,1,0,0,0,1,0,0,0,0,0,1
0,91,0,0,1,0,1,0,0,0,0,0,1
1,22,0,0,1,0,1,1,0,0,0,0,1
0,103,1,0,0,0,0,0,0,1,0,0,1
4,48,0,0,0,0,0,1,0,0,0,0,1
0,75,0,0,0,0,1,0,0,0,0,0,1
0,74,0,0,1,0,0,0,0,0,0,0,1
0,23,0,1,0,0,1,1,0,0,0,0,1
1,33,1,0,0,0,0,0,0,0,1,0,1
0,49,0,1,0,0,0,0,0,0,0,0,1
0,128,0,0,0,0,1,0,0,0,1,0,1
2,56,0,1,0,0,0,0,1,0,0,0,1
0,98,0,0,1,0,1,0,0,0,1,0,1
0,48,0,0,1,0,1,0,1,0,0,0,1
0,59,0,0,0,0,1,0,0,0,1,0,1
0,80,0,0,0,1,0,0,1,0,0,1,0
0,85,0,1,0,0,0,0,0,0,1,0,1
0,50,0,1,0,0,0,0,0,0,1,0,1
1,46,1,0,0,0,1,0,1,0,0,1,0
0,81,0,0,1,0,0,0,0,0,1,0,1
0,138,0,0,1,0,1,0,0,0,1,0,1
0,72,0,0,1,0,0,0,1,0,0,0,1
0,96,0,0,1,0,0,0,1,0,0,1,0
0,105,0,0,0,1,1,0,0,0,1,0,1
0,6,0,0,0,0,1,0,0,0,1,0,1
0,38,0,0,1,0,1,0,1,0,0,0,1
5,65,0,0,1,0,1,1,0,0,0,1,0
0,96,0,1,0,0,0,0,1,0,0,0,1
9,82,0,0,1,0,1,0,1,0,0,0,1
5,78,0,0,0,0,0,0,1,0,0,0,0
0,3,0,0,0,0,1,0,1,0,0,0,1
6,35,0,1,0,0,1,0,1,0,0,1,0
0,29,0,1,0,0,0,0,1,0,0,0,1
0,35,0,0,0,0,1,0,0,1,0,0,1
0,12,0,1,0,0,0,0,0,1,0,0,0
8,31,0,0,1,0,0,0,0,0,0,0,1
2,15,0,0,1,0,0,0,1,0,0,0,1
2,7,0,0,1,0,0,0,1,0,0,1,0
1,5,0,0,0,0,1,0,1,0,0,0,1
0,11,0,0,0,0,1,0,1,0,0,0,1
0,86,0,0,0,0,1,0,0,1,0,0,0
0,11,0,1,0,0,1,0,1,0,0,0,1
0,40,0,0,0,0,0,0,1,0,0,0,1
0,25,1,0,0,0,1,0,0,0,0,1,0
1,6,0,0,0,0,0,0,1,0,0,1,0
4,11,0,0,0,0,1,0,1,0,0,0,1
5,10,0,0,0,0,1,0,1,0,0,1,0
0,16,0,1,0,0,0,1,0,0,0,0,1
0,8,0,1,0,0,0,0,1,0,0,0,1
1,23,0,1,0,0,0,0,1,0,0,1,0
1,32,1,0,0,0,1,1,0,0,0,0,1
6,25,0,0,1,0,1,0,1,0,0,0,1
0,7,0,1,0,0,0,0,1,0,0,0,1
0,3,0,0,0,0,1,1,0,0,0,0,1
7,50,0,0,0,0,0,0,1,0,0,0,1
7,34,0,0,1,0,1,0,1,0,0,0,0
0,40,0,0,1,0,1,0,1,0,0,0,1
0,19,0,0,1,0,0,0,1,0,0,0,1
4,51,0,0,0,0,0,0,1,0,0,1,0
0,57,0,0,0,0,1,0,1,0,0,0,1
0,6,0,1,0,0,0,0,1,0,0,0,1
0,9,0,0,0,1,1,0,1,0,0,0,1
0,2,0,1,0,0,0,0,0,0,0,1,0
6,21,0,0,1,0,0,0,1,0,0,0,1
0,9,0,0,0,0,0,0,1,0,0,0,0
0,6,0,0,1,0,1,0,1,0,0,0,1
0,27,0,0,1,0,1,0,0,1,0,0,1
0,9,0,0,0,0,1,0,1,0,0,1,0
0,64,0,1,0,0,0,0,0,1,0,0,1
5,147,0,0,1,0,1,1,0,0,0,0,1
0,2,1,0,0,0,1,0,1,0,0,0,1
1,72,0,0,0,0,0,0,1,0,0,0,1
0,14,0,0,0,0,1,0,1,0,0,0,1
0,5,1,0,0,0,1,0,1,0,0,0,1
0,66,1,0,0,0,1,0,1,0,0,0,1
2,24,1,0,0,0,0,0,1,0,0,0,1
0,23,0,0,0,0,1,0,1,0,0,0,1
0,51,0,1,0,0,0,0,0,0,1,0,1
0,71,0,0,0,0,1,0,0,0,1,0,1
5,98,1,0,0,0,1,0,1,0,0,0,1
9,32,0,0,1,0,1,1,0,0,0,0,1
0,77,0,0,0,0,1,0,1,0,0,0,1
0,38,0,0,1,0,0,0,0,0,1,0,1
0,28,0,0,0,1,0,0,1,0,0,0,1
0,18,0,1,0,0,0,0,1,0,0,0,1
3,59,0,1,0,0,0,0,1,0,0,0,1
0,8,0,0,1,0,0,0,1,0,0,0,1
0,8,0,0,1,0,1,0,1,0,0,0,1
0,15,0,0,1,0,0,0,1,0,0,0,1
0,50,0,0,0,0,1,0,1,0,0,0,1
0,26,0,0,0,0,0,0,0,0,1,0,1
0,55,0,1,0,0,0,0,1,0,0,0,1
0,17,0,0,1,0,0,0,0,1,0,0,1
0,27,0,0,0,0,0,0,1,0,0,0,1
0,63,0,0,0,0,1,0,1,0,0,0,1
4,24,0,0,0,0,1,0,1,0,0,0,1
0,7,0,0,1,0,0,0,1,0,0,0,1
1,18,0,0,0,1,0,0,1,0,0,0,0
0,27,0,1,0,0,0,0,0,0,0,0,1
4,43,0,0,0,1,0,0,1,0,0,0,1
5,35,1,0,0,0,0,0,1,0,0,0,1
3,28,0,0,1,0,1,1,0,0,0,0,1
4,14,0,0,1,0,1,0,1,0,0,0,1
1,10,0,1,0,0,0,0,1,0,0,0,1
2,13,0,0,1,0,0,0,1,0,0,0,0
0,107,0,0,1,0,0,0,1,0,0,0,1
9,117,0,0,0,0,0,0,0,0,0,0,0
6,82,0,0,0,1,0,0,1,0,0,0,1
7,9,0,0,0,0,1,1,0,0,0,0,1
2,15,0,0,1,0,0,0,0,0,0,0,1
2,16,0,1,0,0,1,0,1,0,0,1,0
0,5,0,1,0,0,0,0,1,0,0,0,1
0,76,0,1,0,0,0,0,1,0,0,0,1
8,18,0,1,0,0,0,1,0,0,0,0,1
1,49,1,0,0,0,0,0,1,0,0,1,0
3,121,0,1,0,0,1,0,1,0,0,1,0
1,118,0,0,1,0,0,0,1,0,0,0,1
4,7,0,1,0,0,1,0,1,0,0,0,1
0,90,0,0,0,0,0,0,0,0,1,0,1
0,89,0,1,0,0,0,0,1,0,0,0,1
0,5,0,0,1,0,1,0,1,0,0,0,1
0,11,0,0,0,1,0,0,1,0,0,0,1
0,3,0,1,0,0,0,0,1,0,0,0,1
4,27,0,0,0,1,1,0,0,1,0,0,0
2,43,0,0,1,0,1,0,1,0,0,1,0
0,64,0,0,0,1,1,0,1,0,0,0,0
0,46,0,0,0,0,1,1,0,0,0,0,1
0,89,1,0,0,0,0,0,1,0,0,0,0
0,35,0,0,1,0,0,0,1,0,0,0,1
0,55,1,0,0,0,1,0,0,1,0,0,1
0,33,0,0,1,0,1,0,1,0,0,0,1
0,31,0,0,1,0,0,0,1,0,0,0,1
0,104,0,0,1,0,0,0,0,0,1,0,1
0,75,0,0,1,0,0,0,0,0,1,0,1
3,19,0,0,1,0,1,0,1,0,0,0,1
0,11,1,0,0,0,1,0,1,0,0,0,1
0,41,0,0,1,0,0,0,0,0,1,0,1
0,4,1,0,0,0,0,0,0,0,0,0,1
0,103,0,1,0,0,0,0,0,0,1,0,1
4,31,0,0,1,0,1,0,1,0,0,0,1
3,29,0,1,0,0,0,0,1,0,0,0,1
3,21,1,0,0,0,1,0,1,0,0,0,1
0,33,0,0,0,0,1,0,1,0,0,0,1
6,15,0,0,0,0,1,0,0,0,0,0,1
2,136,0,0,1,0,1,1,0,0,0,0,1
0,15,1,0,0,0,1,0,1,0,0,0,1
0,104,0,0,0,0,1,0,0,0,1,0,1
2,10,1,0,0,0,1,0,1,0,0,0,0
0,25,1,0,0,0,0,1,0,0,0,0,1
2,16,0,1,0,0,1,0,1,0,0,0,1
0,18,0,0,1,0,0,0,0,0,1,0,1
0,55,0,0,0,0,1,0,1,0,0,0,0
6,28,0,0,0,1,1,0,1,0,0,1,0
0,117,1,0,0,0,0,0,1,0,0,0,1
0,117,0,1,0,0,0,0,1,0,0,0,1
4,10,0,0,0,0,1,1,0,0,0,0,1
0,10,0,0,1,0,1,0,1,0,0,1,0
7,55,0,1,0,0,1,0,1,0,0,1,0
0,17,0,0,1,0,1,1,0,0,0,0,1
0,15,1,0,0,0,1,0,1,0,0,1,0
3,8,0,0,1,0,0,0,1,0,0,0,1
0,60,0,0,0,0,1,0,1,0,0,0,1
5,147,1,0,0,0,1,0,0,1,0,1,0
0,10,0,0,0,0,0,0,1,0,0,0,1
0,127,0,0,0,0,1,0,0,0,1,0,1
0,96,0,0,0,0,1,0,0,0,1,0,1
0,21,0,0,1,0,1,0,0,0,0,0,1
1,14,0,0,0,0,0,0,1,0,0,1,0
0,137,1,0,0,0,0,0,1,0,0,0,1
0,52,0,1,0,0,0,0,1,0,0,0,1
0,51,1,0,0,0,1,0,0,0,1,0,1
0,49,0,1,0,0,0,0,0,0,1,0,1
0,46,0,0,0,0,1,0,1,0,0,0,1
0,61,0,1,0,0,0,0,0,0,1,0,1
1,122,0,0,0,0,1,0,1,0,0,1,0
6,3,0,1,0,0,0,0,1,0,0,1,0
0,2,1,0,0,0,1,0,0,0,0,0,1
1,98,1,0,0,0,0,0,0,1,0,1,0
4,12,0,0,0,0,1,0,1,0,0,0,1
1,104,0,0,0,0,1,1,0,0,0,0,1
0,27,1,0,0,0,1,0,1,0,0,1,0
0,2,1,0,0,0,0,0,0,0,1,0,1
0,7,0,0,0,1,0,0,0,0,1,0,1
0,20,0,0,0,0,0,0,0,0,1,0,1
8,30,0,1,0,0,0,0,1,0,0,1,0
2,36,0,1,0,0,0,0,1,0,0,1,0
1,41,0,1,0,0,0,0,1,0,0,1,0
0,20,1,0,0,0,0,0,1,0,0,0,1
0,62,1,0,0,0,0,0,1,0,0,0,1
1,22,0,0,0,0,1,0,1,0,0,1,0
0,1,0,0,0,0,1,0,0,0,1,0,1
0,14,0,0,1,0,1,0,1,0,0,0,1
0,10,0,0,1,0,0,0,0,0,1,0,1
3,18,0,0,1,0,0,0,1,0,0,0,1
1,11,0,1,0,0,0,1,0,0,0,0,1
0,6,0,0,0,1,1,0,1,0,0,0,1
0,1,0,1,0,0,0,0,1,0,0,0,1
0,77,0,0,0,0,1,0,0,0,0,0,1
0,17,0,1,0,0,0,0,0,0,1,0,1
0,1,0,0,1,0,1,0,1,0,0,0,1
0,26,0,0,0,0,0,0,1,0,0,0,1
0,68,0,0,0,0,1,0,0,0,1,0,1
0,14,0,0,1,0,1,0,1,0,0,0,0
0,28,0,0,0,0,1,0,0,0,1,0,1
0,22,0,0,1,0,1,0,0,0,1,0,1
0,15,0,0,0,0,0,0,0,0,0,0,1
0,44,0,0,1,0,0,0,0,0,0,0,1
0,44,0,0,0,1,0,0,1,0,0,0,1
0,32,0,1,0,0,0,0,0,0,1,0,1
0,27,1,0,0,0,0,0,0,0,1,0,1
0,34,0,0,1,0,1,0,0,0,1,0,1
5,41,0,0,0,1,1,0,1,0,0,1,0
0,13,0,0,0,0,1,0,0,0,1,0,1
0,125,1,0,0,0,0,0,0,0,0,0,1
1,127,0,0,1,0,0,1,0,0,0,0,1
0,17,0,0,0,0,1,0,0,0,1,0,1
2,110,0,0,1,0,1,0,0,1,0,1,0
0,24,1,0,0,0,1,0,0,0,0,0,1
0,15,0,0,1,0,0,0,0,0,0,0,1
0,37,0,1,0,0,0,0,0,0,0,0,1
1,98,0,1,0,0,0,0,1,0,0,1,0
0,21,0,1,0,0,0,0,0,0,1,0,1
0,2,1,0,0,0,0,0,1,0,0,0,0
0,94,0,0,0,0,1,0,1,0,0,0,1
0,113,0,0,0,0,0,0,1,0,0,0,1
0,3,1,0,0,0,0,0,1,0,0,0,1
0,2,0,0,1,0,0,0,1,0,0,0,1
0,6,0,1,0,0,1,0,0,0,1,0,1
1,106,0,1,0,0,1,0,1,0,0,0,1
0,41,0,0,0,1,0,0,0,0,1,0,1
0,42,0,0,0,0,1,0,0,0,0,0,1
0,29,0,0,0,1,1,0,0,0,0,0,1
0,0,1,0,0,0,1,0,0,1,0,0,1
4,6,0,1,0,0,0,1,0,0,0,0,1
0,32,0,0,1,0,1,1,0,0,0,0,1
0,139,0,1,0,0,0,0,0,0,1,0,1
0,145,0,1,0,0,0,0,0,0,0,0,1
0,6,0,0,1,0,1,0,0,0,0,0,1
7,21,0,1,0,0,0,0,1,0,0,1,0
2,64,0,0,0,0,1,0,0,0,0,0,1
0,4,0,0,0,0,0,0,0,0,0,0,1
0,29,0,1,0,0,1,0,0,0,0,0,1
1,85,0,0,1,0,0,0,0,0,0,0,1
0,17,1,0,0,0,1,0,0,0,1,0,1
0,9,0,1,0,0,1,0,0,0,1,0,1
0,9,0,0,0,0,0,0,1,0,0,0,1
0,31,1,0,0,0,1,0,0,1,0,0,1
8,45,0,0,1,0,0,0,1,0,0,0,0
0,22,0,0,0,0,1,0,0,0,1,0,1
2,98,0,1,0,0,1,1,0,0,0,0,1
0,14,0,1,0,0,1,0,1,0,0,0,0
0,115,0,0,0,0,0,0,1,0,0,0,1
0,65,0,0,1,0,0,0,0,0,0,0,1
0,2,0,0,0,1,1,0,0,0,0,0,1
0,34,0,0,0,1,0,0,1,0,0,0,1
0,131,0,0,0,0,1,0,0,0,0,0,1
0,37,0,0,0,0,1,0,0,0,0,0,1
0,131,0,0,1,0,1,0,0,0,1,0,1
0,116,0,0,0,0,1,0,0,0,0,0,1
0,67,1,0,0,0,1,0,0,0,1,0,1
1,69,0,0,0,1,1,1,0,0,0,0,1
0,104,0,0,0,0,1,0,0,0,0,0,1
0,108,0,0,0,0,1,0,0,0,1,0,1
0,93,0,0,0,0,0,0,0,1,0,0,1
0,104,0,0,0,0,1,0,1,0,0,0,1
2,82,0,0,0,0,0,0,0,1,0,0,1
0,87,0,0,0,1,1,0,0,0,0,0,1
0,32,0,0,0,0,0,0,1,0,0,0,1
0,46,0,0,0,1,0,0,1,0,0,0,1
8,66,0,1,0,0,1,0,1,0,0,1,0
6,66,0,0,0,0,1,0,1,0,0,1,0
8,49,0,1,0,0,0,0,1,0,0,1,0
6,37,0,0,1,0,0,0,1,0,0,0,1
5,70,0,0,1,0,1,0,1,0,0,1,0
6,14,1,0,0,0,1,0,0,1,0,0,0
0,16,0,0,0,0,1,0,1,0,0,0,1
0,6,0,0,0,1,0,0,1,0,0,0,1
3,7,0,0,1,0,1,0,1,0,0,0,1
7,68,1,0,0,0,0,0,1,0,0,1,0
2,10,1,0,0,0,0,0,1,0,0,0,1
4,86,0,1,0,0,1,0,1,0,0,1,0
4,88,0,0,1,0,1,0,1,0,0,1,0
8,52,0,0,1,0,1,0,0,0,0,0,1
0,11,0,0,1,0,1,0,1,0,0,0,1
4,50,0,1,0,0,0,0,1,0,0,1,0
0,116,0,0,0,1,1,0,1,0,0,0,1
4,65,0,0,1,0,1,0,1,0,0,0,1
7,45,0,0,1,0,1,0,1,0,0,0,1
3,18,0,1,0,0,1,0,1,0,0,0,0
0,76,0,0,0,0,1,0,1,0,0,0,1
0,10,0,0,1,0,1,0,1,0,0,0,1
7,23,0,0,1,0,1,0,1,0,0,1,0
0,9,0,0,1,0,1,0,0,1,0,0,1
0,14,0,0,0,0,0,0,1,0,0,0,1
0,11,0,0,1,0,1,0,1,0,0,0,1
2,13,0,0,0,1,0,0,1,0,0,0,1
0,10,0,0,1,0,0,0,0,1,0,0,1
0,12,0,0,1,0,1,0,1,0,0,0,1
0,6,0,0,1,0,0,0,1,0,0,1,0
6,62,0,0,1,0,1,0,0,1,0,0,1
4,18,0,1,0,0,0,0,1,0,0,0,1
0,15,0,1,0,0,0,0,1,0,0,0,1
0,69,0,0,1,0,0,0,0,1,0,0,1
0,21,0,0,1,0,1,0,0,1,0,0,1
0,18,0,0,1,0,1,0,1,0,0,0,1
0,1,0,1,0,0,0,0,0,0,0,0,1
0,22,0,0,0,0,0,0,1,0,0,0,1
3,23,0,0,1,0,0,0,1,0,0,1,0
0,25,0,1,0,0,1,0,0,1,0,0,1
0,9,0,0,1,0,1,0,1,0,0,0,1
0,13,0,0,0,0,1,0,1,0,0,0,1
0,9,0,0,1,0,1,0,1,0,0,0,1
3,12,0,1,0,0,0,0,1,0,0,0,1
0,36,1,0,0,0,1,0,0,1,0,0,1
0,5,1,0,0,0,1,0,0,0,1,0,1
0,67,0,1,0,0,0,0,0,0,1,0,1
0,49,0,0,0,0,1,0,1,0,0,0,1
3,146,0,0,1,0,0,0,1,0,0,0,1
0,28,0,1,0,0,1,0,0,1,0,0,1
0,34,0,0,1,0,1,0,0,0,1,0,1
0,143,0,1,0,0,1,0,0,0,1,0,1
4,27,0,0,1,0,1,0,1,0,0,0,1
0,30,0,1,0,0,1,0,1,0,0,0,1
8,139,0,0,0,0,1,0,1,0,0,1,0
0,112,0,0,1,0,1,0,1,0,0,0,1
0,122,0,1,0,0,1,0,0,0,1,0,1
0,122,0,0,0,0,0,0,0,0,1,0,1
2,9,0,0,1,0,1,0,1,0,0,0,1
4,12,0,1,0,0,1,0,1,0,0,0,1
0,11,0,1,0,0,1,0,1,0,0,0,1
6,6,0,0,1,0,1,0,1,0,0,0,1
0,15,0,1,0,0,1,0,0,1,0,0,1
3,3,0,1,0,0,1,0,1,0,0,1,0
4,11,0,0,0,0,0,0,1,0,0,0,1
4,28,0,0,0,0,1,0,1,0,0,1,0
0,8,0,0,1,0,1,1,0,0,0,0,1
0,27,0,0,0,0,0,0,1,0,0,0,1
0,90,0,0,0,1,0,0,1,0,0,1,0
0,6,0,0,1,0,1,0,1,0,0,0,1
3,6,0,0,1,0,1,0,1,0,0,0,1
0,7,0,0,0,0,0,0,1,0,0,0,1
1,74,0,1,0,0,0,0,1,0,0,0,0
0,35,0,0,0,0,1,1,0,0,0,0,1
3,8,0,1,0,0,0,0,1,0,0,0,1
0,52,0,0,0,0,1,0,1,0,0,0,1
0,17,0,0,0,0,1,0,0,1,0,0,1
0,5,0,0,1,0,1,0,1,0,0,0,1
0,16,0,1,0,0,0,0,1,0,0,0,1
0,62,0,0,1,0,1,0,1,0,0,0,1
0,8,0,0,0,1,0,0,1,0,0,0,1
0,35,0,0,0,0,0,0,1,0,0,0,1
0,47,0,0,0,0,0,0,0,0,1,0,1
5,99,0,1,0,0,1,0,1,0,0,1,0
0,55,0,0,1,0,1,0,0,1,0,0,1
0,72,0,0,1,0,1,0,1,0,0,0,1
4,57,0,1,0,0,0,0,1,0,0,0,1
0,8,0,0,1,0,1,0,1,0,0,0,1
1,106,1,0,0,0,1,0,1,0,0,0,1
3,10,0,0,1,0,1,0,1,0,0,1,0
0,38,0,0,0,1,0,0,0,1,0,0,1
0,41,0,1,0,0,0,0,0,1,0,0,1
5,68,0,0,0,0,0,0,1,0,0,1,0
0,12,0,1,0,0,1,0,1,0,0,0,1
8,18,0,0,0,1,1,0,1,0,0,1,0
0,32,0,0,1,0,1,0,1,0,0,0,1
0,56,0,0,1,0,1,0,1,0,0,0,1
0,133,0,0,0,1,0,0,0,0,1,0,1
9,4,0,0,1,0,0,0,1,0,0,1,0
0,12,0,0,0,0,1,0,1,0,0,0,1
0,94,1,0,0,0,1,0,1,0,0,1,0
0,22,0,0,1,0,0,1,0,0,0,0,1
0,24,0,1,0,0,1,0,1,0,0,0,1
0,67,0,1,0,0,0,0,1,0,0,0,1
0,50,0,0,1,0,0,0,1,0,0,0,1
0,95,0,0,1,0,0,0,1,0,0,0,1
9,94,1,0,0,0,0,0,1,0,0,0,1
0,78,0,0,0,0,1,0,1,0,0,0,1
3,7,0,0,0,0,1,0,1,0,0,0,1
0,22,0,0,1,0,1,0,1,0,0,0,1
0,96,0,0,1,0,0,0,1,0,0,0,1
0,96,0,0,0,0,0,0,1,0,0,0,1
4,54,1,0,0,0,0,0,0,1,0,1,0
0,36,0,1,0,0,1,0,0,0,0,0,1
0,32,0,0,0,0,1,0,0,0,1,0,1
4,99,0,0,1,0,0,0,1,0,0,0,1
3,66,0,0,0,1,0,0,1,0,0,0,1
3,52,0,0,1,0,0,0,1,0,0,0,1
0,43,0,0,1,0,1,0,0,1,0,0,1
0,19,0,1,0,0,0,0,1,0,0,0,1
0,23,0,0,1,0,1,0,1,0,0,0,1
0,20,0,0,1,0,0,0,0,1,0,0,1
4,32,0,1,0,0,0,0,0,0,0,1,0
4,28,0,0,0,1,0,0,1,0,0,0,1
3,25,0,0,0,0,0,0,1,0,0,1,0
2,25,0,0,0,0,1,0,1,0,0,0,0
0,47,0,0,1,0,1,0,1,0,0,0,1
0,4,0,0,0,0,0,0,1,0,0,0,1
1,86,0,1,0,0,0,0,1,0,0,0,1
4,32,0,1,0,0,0,0,1,0,0,0,0
0,5,0,0,0,0,1,1,0,0,0,0,1
8,146,0,0,0,0,0,0,1,0,0,1,0
8,46,0,0,0,0,1,0,1,0,0,1,0
1,27,0,1,0,0,0,0,1,0,0,0,1
0,89,0,0,1,0,1,0,0,0,1,0,1
0,105,0,1,0,0,1,0,0,0,1,0,1
0,25,0,0,0,1,0,1,0,0,0,0,1
0,69,0,1,0,0,0,0,0,0,1,0,1
0,22,0,0,0,0,1,0,0,0,1,0,1
0,76,0,0,0,0,0,1,0,0,0,0,1
0,62,0,0,1,0,0,0,0,0,1,0,1
1,9,0,0,1,0,1,1,0,0,0,0,1
0,56,0,0,1,0,1,0,0,0,0,0,1
0,84,1,0,0,0,0,0,0,0,1,0,1
0,8,0,0,0,0,0,0,0,0,1,0,1
4,12,0,1,0,0,1,0,1,0,0,0,1
0,45,0,0,0,0,0,0,1,0,0,0,1
0,14,0,1,0,0,0,0,0,0,1,0,1
0,10,0,0,1,0,1,0,1,0,0,0,1
0,8,0,0,1,0,0,0,0,0,1,0,1
0,66,0,0,0,0,1,0,0,0,1,0,1
0,82,0,0,0,0,0,0,0,0,0,0,1
0,48,0,0,1,0,0,0,0,0,1,0,1
0,112,0,0,1,0,1,0,1,0,0,0,1
0,53,1,0,0,0,0,0,1,0,0,0,1
0,11,0,0,1,0,1,0,1,0,0,0,1
4,123,0,0,0,0,1,0,1,0,0,1,0
0,62,0,0,1,0,1,0,0,0,1,0,1
0,99,1,0,0,0,1,0,1,0,0,0,1
0,143,0,0,0,1,1,0,1,0,0,1,0
2,41,0,1,0,0,0,0,1,0,0,0,1
1,134,0,0,1,0,1,0,1,0,0,0,1
0,30,0,1,0,0,0,0,0,0,1,0,1
0,4,1,0,0,0,1,0,1,0,0,0,1
0,105,0,0,0,0,0,0,1,0,0,0,1
2,8,0,0,0,0,0,0,1,0,0,1,0
4,15,0,0,0,0,0,0,1,0,0,0,1
0,6,0,1,0,0,1,0,0,0,1,0,1
0,69,0,1,0,0,0,0,1,0,0,0,1
0,140,0,0,0,0,0,0,0,1,0,0,1
4,128,0,0,0,0,0,0,0,0,0,0,1
1,34,0,1,0,0,1,0,1,0,0,1,0
1,14,0,1,0,0,1,0,1,0,0,0,1
1,52,0,0,0,0,0,0,1,0,0,0,1
0,1,0,0,1,0,0,0,1,0,0,0,1
0,7,0,0,0,1,1,0,0,0,1,0,1
6,120,0,0,1,0,0,0,1,0,0,1,0
0,109,0,0,1,0,1,0,0,0,1,0,1
0,15,0,0,1,0,1,0,1,0,0,0,1
0,53,0,0,1,0,0,0,1,0,0,0,1
5,113,0,0,0,0,1,0,1,0,0,0,1
0,43,1,0,0,0,0,0,1,0,0,0,1
1,87,0,0,0,1,0,0,1,0,0,0,1
0,15,0,1,0,0,0,0,0,0,1,0,1
0,74,0,0,0,0,0,0,0,0,1,0,1
3,48,0,0,1,0,0,0,1,0,0,0,0
0,65,0,1,0,0,0,0,0,0,1,0,1
0,89,0,0,0,0,0,0,0,0,1,0,1
0,34,1,0,0,0,1,0,0,0,0,0,1
0,49,0,0,1,0,0,0,1,0,0,0,1
0,21,0,1,0,0,0,0,1,0,0,0,1
0,70,0,0,1,0,1,0,1,0,0,0,1
0,24,0,0,0,1,1,0,1,0,0,0,1
0,67,0,0,1,0,0,0,1,0,0,0,1
0,4,0,0,0,1,0,0,1,0,0,0,1
8,101,0,0,0,0,0,0,1,0,0,0,1
0,20,0,0,1,0,1,0,1,0,0,0,1
4,26,0,1,0,0,0,0,0,1,0,1,0
4,13,0,1,0,0,1,1,0,0,0,0,1
1,11,0,0,1,0,1,1,0,0,0,0,1
1,13,1,0,0,0,1,0,1,0,0,0,1
0,14,0,0,1,0,0,0,0,0,0,0,1
0,1,0,0,1,0,0,0,0,1,0,0,0
0,14,0,0,1,0,0,0,1,0,0,0,0
0,13,0,0,1,0,0,0,1,0,0,0,0
4,11,0,0,1,0,1,0,1,0,0,0,1
0,11,0,1,0,0,0,0,1,0,0,0,1
0,30,0,1,0,0,0,0,1,0,0,0,1
0,9,1,0,0,0,1,0,1,0,0,0,1
0,28,0,0,0,0,0,0,1,0,0,0,1
0,11,0,0,1,0,1,0,0,0,0,0,1
1,13,0,0,1,0,1,0,1,0,0,0,1
8,19,0,1,0,0,1,0,1,0,0,0,0
1,10,0,1,0,0,1,0,1,0,0,0,1
1,1,0,0,1,0,0,0,1,0,0,0,0
2,79,0,0,1,0,0,0,1,0,0,1,0
1,10,1,0,0,0,0,0,0,1,0,0,1
2,8,0,0,1,0,0,0,1,0,0,1,0
0,4,0,1,0,0,1,0,0,0,1,0,1
3,52,0,0,1,0,0,0,1,0,0,0,1
0,35,0,0,1,0,0,0,0,0,1,0,1
0,38,0,0,1,0,1,0,0,0,1,0,1
7,43,1,0,0,0,1,0,1,0,0,0,1
0,51,0,0,0,0,1,0,1,0,0,0,1
0,47,0,0,0,0,1,0,1,0,0,0,1
0,28,0,1,0,0,0,0,1,0,0,0,1
7,75,0,0,1,0,1,0,1,0,0,0,1
0,70,0,0,0,1,0,0,1,0,0,0,1
0,31,0,0,1,0,1,0,1,0,0,0,1
4,70,0,0,1,0,1,1,0,0,0,0,1
3,36,0,0,1,0,1,0,1,0,0,1,0
0,12,1,0,0,0,1,0,1,0,0,0,1
1,16,0,0,1,0,0,0,1,0,0,0,1
1,25,0,0,0,1,0,0,0,0,0,0,1
0,20,0,0,0,0,0,0,1,0,0,1,0
3,15,1,0,0,0,0,0,1,0,0,0,0
2,13,1,0,0,0,1,0,0,1,0,0,1
0,34,0,0,1,0,1,0,1,0,0,0,1
0,34,0,0,1,0,0,0,1,0,0,0,1
3,7,0,1,0,0,1,1,0,0,0,0,1
0,20,0,0,0,1,0,1,0,0,0,0,1
5,51,0,0,0,0,1,0,0,1,0,0,1
0,21,0,0,1,0,0,0,1,0,0,0,1
5,11,0,0,0,0,0,0,1,0,0,0,0
0,36,0,0,0,0,1,0,1,0,0,0,1
6,23,0,0,0,0,1,0,0,1,0,0,1
0,131,0,1,0,0,0,0,1,0,0,0,1
0,83,0,0,0,0,1,0,1,0,0,0,1
0,9,0,1,0,0,1,0,1,0,0,0,1
0,32,0,0,0,0,1,0,1,0,0,0,1
0,11,0,0,0,1,1,0,1,0,0,0,1
3,20,0,0,1,0,1,0,1,0,0,0,1
0,10,0,0,0,0,1,0,0,0,1,0,1
0,8,1,0,0,0,0,0,1,0,0,0,1
0,23,0,1,0,0,0,0,1,0,0,0,1
0,14,1,0,0,0,1,0,1,0,0,0,0
7,78,0,1,0,0,1,0,0,0,0,0,1
1,15,0,0,0,1,1,0,1,0,0,0,1
0,62,0,1,0,0,1,0,0,0,1,0,1
0,14,0,0,0,0,0,0,0,1,0,0,1
0,7,0,0,0,0,1,0,1,0,0,0,1
0,30,0,0,0,0,1,0,0,0,0,0,1
1,10,0,0,1,0,0,1,0,0,0,0,1
2,4,0,0,1,0,0,0,0,1,0,0,1
0,21,0,0,1,0,1,0,1,0,0,0,1
1,13,1,0,0,0,0,0,1,0,0,0,1
2,19,0,1,0,0,0,0,1,0,0,0,1
1,6,0,0,1,0,0,0,1,0,0,0,1
0,5,0,1,0,0,0,0,1,0,0,0,1
8,12,0,0,0,1,0,0,1,0,0,1,0
0,78,0,1,0,0,0,0,1,0,0,0,1
0,6,0,0,0,0,1,0,1,0,0,0,1
0,6,0,0,0,1,0,0,1,0,0,0,1
0,6,0,1,0,0,0,0,1,0,0,0,1
0,8,0,0,1,0,0,0,1,0,0,0,1
0,5,0,0,1,0,0,0,1,0,0,0,1
0,28,0,0,1,0,1,0,1,0,0,1,0
0,8,0,0,0,0,1,0,1,0,0,1,0
0,5,0,1,0,0,1,0,1,0,0,1,0
2,1,1,0,0,0,0,0,1,0,0,1,0
0,59,1,0,0,0,1,0,0,0,1,0,1
0,113,0,0,1,0,1,0,0,0,1,0,1
0,10,0,0,0,0,0,0,0,1,0,0,1
0,91,0,0,1,0,0,0,0,0,1,0,1
0,10,0,1,0,0,0,0,0,0,0,0,1
2,93,0,0,1,0,1,1,0,0,0,0,1
0,12,0,1,0,0,1,0,1,0,0,0,1
0,102,0,0,0,0,1,0,0,0,1,0,1
0,83,0,1,0,0,0,0,1,0,0,0,1
0,9,0,0,1,0,1,0,1,0,0,0,1
0,8,0,0,1,0,1,0,1,0,0,0,1
0,89,1,0,0,0,0,0,1,0,0,0,1
0,131,0,0,1,0,1,0,1,0,0,0,1
0,61,0,0,1,0,0,1,0,0,0,0,1
0,9,0,0,0,1,0,0,1,0,0,0,1
0,98,1,0,0,0,0,0,0,0,1,0,1
0,59,0,0,1,0,1,0,1,0,0,0,1
3,138,0,1,0,0,0,1,0,0,0,0,1
0,48,0,0,0,1,1,0,0,0,1,0,1
0,20,0,0,1,0,1,0,1,0,0,0,1
4,37,0,0,0,1,1,0,1,0,0,0,1
0,56,0,0,1,0,0,1,0,0,0,0,1
0,78,0,0,1,0,1,0,0,0,1,0,1
0,85,0,0,1,0,0,0,0,0,1,0,1
3,41,1,0,0,0,1,0,1,0,0,0,0
0,50,0,1,0,0,1,0,1,0,0,0,1
0,45,0,0,1,0,1,0,1,0,0,0,1
0,14,0,0,1,0,0,0,1,0,0,0,1
0,0,0,1,0,0,0,0,1,0,0,0,1
0,45,1,0,0,0,0,0,1,0,0,0,1
0,111,0,0,1,0,1,0,0,0,1,0,1
0,68,0,0,1,0,0,0,1,0,0,0,1
0,65,0,1,0,0,0,0,0,0,0,0,1
0,131,0,0,0,1,0,0,1,0,0,0,1
0,22,0,0,0,1,0,0,0,0,1,0,1
8,73,0,0,0,0,1,0,1,0,0,0,0
1,42,0,1,0,0,1,0,1,0,0,1,0
6,73,0,0,0,1,1,0,1,0,0,0,1
0,8,0,1,0,0,0,0,1,0,0,0,1
0,2,0,1,0,0,0,0,1,0,0,0,1
3,36,0,1,0,0,1,1,0,0,0,0,1
0,144,0,0,0,0,1,0,0,0,0,1,0
0,6,0,0,0,0,0,0,1,0,0,0,1
0,15,1,0,0,0,0,0,1,0,0,1,0
0,6,0,0,1,0,1,0,1,0,0,0,1
3,16,0,1,0,0,1,0,1,0,0,1,0
2,20,0,0,0,0,1,0,1,0,0,1,0
0,135,0,0,0,0,1,0,1,0,0,1,0
4,3,0,0,0,0,0,0,0,0,0,1,0
4,14,0,0,1,0,1,0,1,0,0,0,0
0,97,1,0,0,0,0,0,0,0,1,0,1
0,127,0,1,0,0,0,0,0,0,1,0,1
1,126,0,1,0,0,1,0,0,0,0,1,0
1,20,0,0,0,0,1,1,0,0,0,0,1
4,13,0,0,0,0,0,0,1,0,0,1,0
1,122,0,0,1,0,1,0,1,0,0,0,1
0,95,0,1,0,0,0,0,1,0,0,1,0
0,69,0,0,1,0,0,0,0,0,1,0,1
0,67,0,0,1,0,1,0,0,0,1,0,1
3,34,1,0,0,0,1,0,1,0,0,1,0
1,52,0,0,0,0,1,0,1,0,0,1,0
0,40,0,0,0,0,0,0,0,0,1,0,1
0,2,0,1,0,0,0,0,0,0,1,0,1
0,9,0,0,1,0,0,1,0,0,0,0,1
0,0,0,0,1,0,0,0,0,0,1,0,1
1,78,0,0,0,0,0,0,1,0,0,1,0
1,13,0,0,1,0,1,0,0,0,0,0,1
0,60,0,0,1,0,1,0,0,0,1,0,1
0,67,0,0,1,0,1,0,0,0,1,0,1
0,16,0,0,1,0,0,0,1,0,0,0,1
0,69,0,1,0,0,0,0,0,0,1,0,1
0,30,0,0,1,0,1,0,0,0,1,0,1
0,13,0,1,0,0,0,0,0,0,0,0,1
8,123,0,0,0,0,1,0,0,1,0,1,0
0,9,0,0,0,0,1,0,0,0,1,0,1
0,5,0,0,0,0,1,0,1,0,0,0,1
0,12,0,0,0,1,1,0,0,0,0,0,1
0,52,0,0,0,0,0,0,0,0,0,0,1
0,120,0,0,0,0,0,0,1,0,0,0,0
0,43,0,0,0,0,1,0,1,0,0,0,1
0,56,0,0,0,1,0,0,0,0,1,0,1
0,23,1,0,0,0,1,0,0,0,0,0,1
0,53,0,0,1,0,0,0,0,0,1,0,1
0,15,0,1,0,0,1,0,0,0,1,0,1
0,23,0,0,1,0,1,1,0,0,0,0,1
0,32,0,0,1,0,1,0,0,1,0,0,0
0,40,1,0,0,0,0,0,0,0,1,0,1
0,9,0,0,1,0,1,0,1,0,0,0,1
4,77,0,0,0,1,1,1,0,0,0,0,1
3,6,0,1,0,0,0,0,1,0,0,0,1
0,77,0,0,1,0,0,0,0,0,1,0,1
0,1,0,0,0,0,1,0,1,0,0,0,1
0,3,0,1,0,0,0,0,0,0,1,0,1
0,9,1,0,0,0,0,0,1,0,0,0,1
0,27,1,0,0,0,1,0,0,0,1,0,1
0,15,1,0,0,0,0,0,0,0,1,0,1
0,38,0,1,0,0,0,0,0,0,1,0,1
2,103,0,0,1,0,1,1,0,0,0,0,1
0,1,1,0,0,0,0,0,1,0,0,0,0
0,25,0,0,1,0,1,0,0,0,0,0,1
0,5,0,0,0,1,0,0,1,0,0,0,1
0,35,0,0,0,0,1,0,0,0,0,0,1
0,35,0,0,0,1,0,0,0,0,0,0,1
0,24,1,0,0,0,1,0,0,0,1,0,1
1,13,0,1,0,0,1,0,0,0,0,0,1
3,21,0,0,0,0,1,1,0,0,0,0,1
0,32,0,0,1,0,1,0,0,0,1,0,1
1,30,0,1,0,0,0,0,1,0,0,1,0
0,14,0,0,1,0,1,0,0,0,1,0,1
0,99,0,0,1,0,0,1,0,0,0,0,1
0,32,0,0,1,0,0,0,0,0,1,0,1
4,87,0,0,1,0,1,1,0,0,0,0,1
0,0,0,0,1,0,0,0,1,0,0,0,0
0,55,1,0,0,0,1,0,0,0,0,0,1
0,34,0,0,0,0,0,0,0,0,1,0,1
0,9,0,0,1,0,0,0,1,0,0,0,1
0,13,0,0,1,0,1,1,0,0,0,0,1
0,58,0,0,0,1,1,0,0,0,0,0,1
0,92,0,0,0,0,1,0,1,0,0,0,1
0,29,0,0,0,0,0,0,1,0,0,0,1
0,128,0,0,0,0,0,0,1,0,0,0,1
0,5,1,0,0,0,1,0,0,0,1,0,1
0,24,0,0,0,0,0,0,1,0,0,0,1
0,33,0,1,0,0,0,1,0,0,0,0,1
0,8,1,0,0,0,1,0,0,1,0,0,1
0,5,0,1,0,0,0,0,1,0,0,0,1
2,7,0,0,1,0,1,0,1,0,0,1,0
9,20,0,0,0,0,0,0,1,0,0,0,0
4,22,1,0,0,0,1,0,1,0,0,0,0
4,16,1,0,0,0,1,1,0,0,0,0,1
4,49,0,0,1,0,1,0,0,0,0,0,1
0,3,0,0,1,0,1,0,1,0,0,1,0
0,84,0,1,0,0,1,0,0,0,1,0,1
7,9,0,0,0,0,0,0,1,0,0,0,0
0,122,0,0,0,0,0,0,0,0,0,0,1
4,109,0,0,0,0,0,0,1,0,0,1,0
3,74,0,0,0,0,0,1,0,0,0,0,1
0,68,0,1,0,0,1,0,1,0,0,0,1
1,36,0,1,0,0,0,0,1,0,0,0,1
0,5,0,0,0,1,0,1,0,0,0,0,1
0,8,0,1,0,0,0,0,1,0,0,0,1
0,1,1,0,0,0,1,0,0,0,1,0,1
0,37,0,0,0,0,1,0,0,1,0,0,1
0,39,0,0,1,0,1,0,0,0,1,0,1
0,4,0,0,1,0,1,0,0,0,1,0,1
0,43,1,0,0,0,1,0,0,0,0,0,1
0,12,0,1,0,0,0,0,1,0,0,0,1
0,8,0,1,0,0,0,0,1,0,0,0,1
0,55,1,0,0,0,1,0,0,0,1,0,1
0,80,0,0,0,1,0,0,1,0,0,0,1
0,23,0,0,1,0,1,0,0,0,0,0,1
0,16,0,1,0,0,1,1,0,0,0,0,1
1,21,1,0,0,0,1,1,0,0,0,0,1
0,93,0,0,1,0,1,0,0,1,0,0,1
0,52,0,0,0,0,1,0,0,0,1,0,1
0,66,0,0,0,1,1,0,1,0,0,0,1
0,56,0,0,0,1,0,0,1,0,0,0,1
4,36,0,0,0,1,0,0,0,0,0,0,1
1,17,0,1,0,0,0,0,1,0,0,0,0
0,48,0,1,0,0,0,0,1,0,0,0,1
0,90,0,1,0,0,1,0,1,0,0,0,1
0,46,0,0,1,0,0,0,0,0,0,1,0
0,75,0,0,0,0,0,0,1,0,0,0,1
0,42,0,0,1,0,1,0,0,0,0,0,1
2,7,0,0,0,1,1,0,0,0,0,0,1
9,72,0,1,0,0,0,0,0,1,0,1,0
7,7,0,1,0,0,0,0,1,0,0,1,0
3,108,0,0,0,0,0,0,1,0,0,0,1
7,40,1,0,0,0,0,0,0,0,0,1,0
5,144,0,0,1,0,0,0,1,0,0,1,0
2,3,1,0,0,0,1,0,1,0,0,1,0
0,27,0,1,0,0,0,0,1,0,0,0,1
6,6,0,1,0,0,1,0,1,0,0,0,1
0,5,0,0,1,0,0,0,0,0,1,0,1
0,22,0,0,1,0,1,0,0,1,0,0,1
3,16,0,0,0,0,0,0,1,0,0,0,1
0,68,0,1,0,0,0,0,1,0,0,1,0
6,146,1,0,0,0,1,0,1,0,0,1,0
3,8,0,0,1,0,1,0,1,0,0,0,1
0,56,0,0,0,0,0,0,1,0,0,0,1
2,124,0,0,1,0,1,0,1,0,0,0,1
0,76,0,0,1,0,0,0,1,0,0,0,1
0,43,0,0,1,0,1,0,0,0,1,0,1
0,75,0,0,0,0,1,0,0,0,1,0,1
0,50,1,0,0,0,0,0,0,1,0,0,1
8,22,0,1,0,0,0,0,0,1,0,1,0
0,30,0,0,0,0,0,0,0,0,0,0,1
3,81,0,0,0,0,1,0,1,0,0,0,1
0,13,0,0,1,0,0,0,1,0,0,0,1
0,14,0,0,1,0,0,0,1,0,0,0,1
0,13,1,0,0,0,0,0,1,0,0,0,1
4,43,1,0,0,0,1,0,1,0,0,1,0
0,37,0,0,1,0,1,1,0,0,0,0,1
0,20,0,0,0,0,1,0,1,0,0,0,1
2,9,0,1,0,0,1,0,1,0,0,0,1
0,6,0,0,1,0,0,0,1,0,0,0,1
0,14,0,0,1,0,0,0,1,0,0,0,1
0,12,0,0,1,0,1,0,1,0,0,0,1
0,10,0,1,0,0,1,0,1,0,0,0,1
0,35,0,1,0,0,0,0,0,1,0,0,1
0,50,0,1,0,0,0,0,1,0,0,0,1
0,39,0,0,1,0,0,0,1,0,0,0,1
4,90,0,0,0,0,0,0,1,0,0,1,0
0,99,0,0,0,0,1,0,0,0,1,0,1
0,39,0,0,1,0,0,0,0,0,1,0,1
0,38,0,0,1,0,0,0,1,0,0,0,1
0,21,0,0,1,0,0,0,0,1,0,0,1
4,128,0,0,0,1,1,0,1,0,0,0,1
0,45,0,1,0,0,0,0,0,1,0,0,1
2,70,0,0,1,0,0,0,1,0,0,0,1
0,30,0,1,0,0,0,0,1,0,0,0,1
4,65,0,0,1,0,1,0,1,0,0,0,1
4,25,0,0,0,1,1,0,1,0,0,0,1
0,5,0,0,0,0,0,0,1,0,0,1,0
0,15,0,1,0,0,0,0,1,0,0,1,0
0,9,0,1,0,0,0,0,1,0,0,0,1
0,38,0,0,1,0,1,0,0,0,0,0,1
8,15,0,0,1,0,1,0,1,0,0,1,0
0,56,0,0,1,0,1,0,1,0,0,0,1
3,0,0,1,0,0,0,0,1,0,0,1,0
1,45,0,1,0,0,1,0,1,0,0,1,0
1,115,0,0,0,0,1,0,1,0,0,0,1
4,3,1,0,0,0,1,0,1,0,0,1,0
1,29,0,0,1,0,1,0,1,0,0,0,1
0,98,0,0,1,0,0,0,0,1,0,0,1
1,126,0,1,0,0,0,0,1,0,0,0,1
0,16,0,0,0,0,0,0,0,0,1,0,1
0,3,0,0,1,0,1,0,0,0,1,0,1
0,24,0,0,0,0,0,0,1,0,0,1,0
0,12,1,0,0,0,0,0,1,0,0,1,0
1,35,0,1,0,0,0,0,1,0,0,0,1
0,28,0,0,1,0,0,0,0,0,1,0,1
0,11,0,0,0,0,0,0,1,0,0,0,1
0,65,0,0,1,0,0,0,1,0,0,0,1
0,84,0,0,1,0,1,0,1,0,0,0,1
1,25,1,0,0,0,1,0,1,0,0,0,0
4,82,0,0,1,0,1,0,1,0,0,1,0
0,80,0,0,1,0,1,0,0,0,0,0,1
7,25,0,0,1,0,1,1,0,0,0,0,1
0,102,0,0,0,0,1,0,1,0,0,0,1
0,102,0,0,1,0,1,0,1,0,0,0,1
0,86,0,0,1,0,1,0,1,0,0,0,1
0,59,0,1,0,0,0,0,0,0,1,0,1
3,91,0,0,1,0,0,0,1,0,0,0,1
0,38,0,0,1,0,0,0,1,0,0,0,1
3,2,0,1,0,0,0,0,1,0,0,0,1
0,99,0,0,1,0,0,0,1,0,0,0,1
0,21,0,0,0,0,1,0,1,0,0,0,1
0,24,0,1,0,0,0,0,1,0,0,0,1
0,60,0,1,0,0,1,0,0,0,0,0,1
0,19,0,0,1,0,0,0,1,0,0,0,1
3,71,0,0,1,0,0,0,1,0,0,0,1
0,39,0,1,0,0,0,1,0,0,0,0,1
3,111,0,0,1,0,0,0,1,0,0,0,1
0,24,0,0,1,0,1,0,0,0,1,0,1
0,35,0,0,0,0,1,0,1,0,0,0,1
9,18,0,1,0,0,1,0,1,0,0,1,0
0,7,0,0,1,0,1,0,1,0,0,0,1
0,37,0,0,1,0,0,0,1,0,0,0,1
1,92,0,0,0,0,1,0,0,1,0,0,1
4,16,0,1,0,0,1,1,0,0,0,0,1
0,12,0,0,0,0,0,0,1,0,0,0,1
4,11,0,1,0,0,1,0,1,0,0,0,1
7,20,0,1,0,0,1,0,1,0,0,0,1
0,33,0,0,0,0,1,0,0,1,0,0,1
6,3,0,1,0,0,1,0,1,0,0,1,0
4,110,1,0,0,0,0,0,1,0,0,0,1
7,69,0,1,0,0,0,0,0,1,0,0,1
1,3,0,1,0,0,0,0,1,0,0,1,0
3,25,0,1,0,0,0,0,1,0,0,0,1
0,9,0,1,0,0,0,0,1,0,0,0,1
1,59,0,0,0,1,1,1,0,0,0,0,1
0,43,0,0,1,0,1,0,1,0,0,0,1
0,68,1,0,0,0,0,0,1,0,0,1,0
0,101,0,1,0,0,0,0,0,0,1,0,1
0,13,0,0,0,0,0,0,1,0,0,0,1
0,23,1,0,0,0,1,0,0,0,1,0,1
0,61,0,0,1,0,0,0,0,0,1,0,1
2,21,0,0,1,0,0,0,0,1,0,0,1
0,12,0,1,0,0,1,0,1,0,0,0,1
0,0,0,0,0,0,1,0,0,0,1,1,0
0,2,0,0,1,0,1,0,1,0,0,0,1
0,137,0,0,1,0,1,0,0,0,1,0,1
0,87,1,0,0,0,1,0,1,0,0,0,1
0,3,0,0,1,0,1,0,1,0,0,0,1
3,4,0,1,0,0,0,0,1,0,0,0,1
0,54,1,0,0,0,0,0,0,0,0,0,1
0,22,0,0,0,0,0,0,1,0,0,0,1
0,9,0,1,0,0,1,0,1,0,0,0,1
1,7,1,0,0,0,0,0,1,0,0,0,1
0,2,0,0,1,0,1,0,0,0,1,0,1
0,6,0,0,1,0,1,0,0,0,1,0,1
0,2,0,0,1,0,0,0,0,0,1,0,1
0,140,1,0,0,0,0,0,1,0,0,0,1
1,84,0,0,0,0,0,0,1,0,0,0,1
0,18,0,0,0,0,0,0,1,0,0,0,1
0,50,0,0,0,1,0,0,1,0,0,0,1
1,21,0,0,0,1,0,0,1,0,0,0,1
0,12,1,0,0,0,0,0,1,0,0,0,1
0,27,0,1,0,0,0,0,1,0,0,0,1
0,24,0,0,1,0,1,0,1,0,0,0,1
0,1,0,0,0,0,1,0,0,0,1,0,1
0,28,0,0,1,0,0,0,1,0,0,0,1
2,14,0,1,0,0,0,0,1,0,0,0,1
0,125,0,1,0,0,1,0,1,0,0,0,1
0,132,0,0,1,0,0,0,1,0,0,0,1
4,115,0,0,0,0,0,0,0,1,0,1,0
1,137,0,1,0,0,1,0,1,0,0,1,0
0,71,0,0,1,0,0,0,1,0,0,0,1
0,13,1,0,0,0,1,0,1,0,0,0,1
0,26,0,0,1,0,1,0,0,0,1,0,1
4,124,0,1,0,0,1,0,1,0,0,0,1
0,120,0,0,0,0,1,0,0,0,1,0,1
0,120,0,0,0,0,0,0,0,0,1,0,1
0,71,0,0,1,0,0,0,0,0,0,0,1
4,128,0,0,1,0,1,0,1,0,0,1,0
2,134,0,0,1,0,0,0,1,0,0,0,1
1,105,0,1,0,0,1,0,1,0,0,1,0
1,92,0,0,1,0,0,0,1,0,0,0,1
0,86,0,0,1,0,0,0,1,0,0,0,1
0,69,0,0,1,0,1,0,0,0,1,0,1
0,108,0,0,0,0,1,0,0,0,1,0,1
0,68,1,0,0,0,0,0,0,0,1,0,1
2,88,0,0,0,0,0,0,1,0,0,0,1
0,50,0,0,1,0,0,0,1,0,0,0,1
0,65,0,0,1,0,0,0,0,0,0,0,0
0,58,0,0,1,0,0,0,1,0,0,0,1
0,99,0,0,0,0,1,0,1,0,0,0,1
9,15,0,0,1,0,1,0,1,0,0,0,0
4,7,1,0,0,0,1,0,1,0,0,0,1
0,4,0,0,1,0,1,0,1,0,0,0,1
0,35,0,1,0,0,0,0,1,0,0,0,1
0,11,1,0,0,0,0,0,1,0,0,0,1
0,35,0,0,1,0,1,0,1,0,0,0,1
8,27,0,0,1,0,1,0,0,0,0,0,1
0,43,0,0,1,0,1,0,1,0,0,0,1
0,17,0,0,1,0,0,0,1,0,0,0,1
0,35,0,0,0,0,0,0,0,1,0,0,1
9,32,1,0,0,0,1,1,0,0,0,0,1
0,30,0,0,0,0,1,0,1,0,0,0,1
4,62,0,1,0,0,0,1,0,0,0,0,1
2,19,0,0,0,1,1,0,0,1,0,0,1
4,14,0,0,1,0,1,0,1,0,0,0,1
8,40,0,0,1,0,0,0,0,1,0,1,0
1,11,0,1,0,0,0,0,1,0,0,0,1
4,66,0,0,1,0,1,0,1,0,0,1,0
2,31,1,0,0,0,0,0,0,0,0,0,0
2,18,0,1,0,0,1,0,1,0,0,1,0
0,42,0,0,0,1,0,0,1,0,0,0,1
2,24,0,1,0,0,0,0,1,0,0,1,0
2,9,0,1,0,0,1,0,0,1,0,1,0
0,7,0,1,0,0,0,0,1,0,0,0,1
1,13,0,1,0,0,0,0,1,0,0,0,0
0,103,0,0,1,0,0,0,1,0,0,0,1
2,13,0,0,1,0,0,0,1,0,0,0,1
7,2,0,0,1,0,0,1,0,0,0,0,1
4,12,0,0,0,0,1,1,0,0,0,0,1
0,73,0,0,1,0,1,0,1,0,0,0,1
0,10,0,0,1,0,1,0,1,0,0,0,1
0,24,0,0,1,0,0,0,1,0,0,0,1
0,113,0,0,1,0,1,0,1,0,0,0,1
0,22,0,0,1,0,0,0,1,0,0,0,1
0,16,0,1,0,0,0,0,1,0,0,0,1
3,75,0,0,1,0,1,0,1,0,0,1,0
0,33,0,0,0,0,0,0,0,0,0,0,1
2,19,0,0,1,0,0,0,1,0,0,0,0
1,14,1,0,0,0,1,1,0,0,0,0,1
0,98,0,0,1,0,0,0,1,0,0,0,1
0,42,0,0,1,0,0,0,0,0,0,0,1
0,49,0,0,0,0,0,0,0,0,0,0,1
2,49,0,0,0,0,0,0,0,0,0,0,1
1,49,0,0,1,0,0,0,0,0,0,0,1
0,39,0,0,1,0,1,0,1,0,0,0,1
1,39,0,1,0,0,0,0,1,0,0,0,1
3,73,0,0,0,0,1,0,1,0,0,0,0
3,73,0,0,0,0,0,0,1,0,0,0,0
2,14,1,0,0,0,0,0,1,0,0,0,1
0,4,0,0,0,1,1,0,0,0,1,0,1
0,17,0,0,0,0,0,1,0,0,0,0,1
2,66,0,0,1,0,0,0,1,0,0,0,1
0,10,1,0,0,0,1,0,1,0,0,0,1
0,21,0,0,0,0,0,0,1,0,0,0,0
0,101,0,0,1,0,1,0,0,0,1,0,1
0,65,0,0,1,0,0,0,0,0,1,0,1
0,19,0,1,0,0,1,0,1,0,0,0,1
3,24,0,1,0,0,1,0,1,0,0,0,1
0,9,0,0,1,0,1,0,1,0,0,0,1
0,126,0,0,1,0,1,0,1,0,0,0,1
5,28,0,0,0,0,1,1,0,0,0,0,1
9,90,0,0,0,0,1,0,1,0,0,0,1
0,50,0,0,0,1,1,0,1,0,0,0,1
0,13,0,0,1,0,1,0,1,0,0,0,1
3,37,0,0,0,0,0,1,0,0,0,0,0
2,31,0,0,1,0,1,0,1,0,0,0,1
0,16,0,0,1,0,1,0,1,0,0,0,1
0,15,0,1,0,0,0,0,1,0,0,0,1
9,134,0,0,0,1,1,0,0,0,0,0,1
2,13,1,0,0,0,0,0,1,0,0,1,0
1,22,0,0,1,0,1,0,1,0,0,1,0
0,4,0,0,1,0,1,0,1,0,0,0,1
2,7,0,1,0,0,1,0,1,0,0,1,0
0,77,0,1,0,0,0,0,1,0,0,0,1
1,49,0,1,0,0,0,0,1,0,0,1,0
4,6,1,0,0,0,1,0,1,0,0,0,1
4,23,0,1,0,0,1,0,0,1,0,0,1
2,20,0,1,0,0,0,0,1,0,0,1,0
4,7,0,1,0,0,1,0,1,0,0,0,1
0,113,0,0,0,0,0,0,0,0,1,0,1
0,110,0,0,1,0,0,0,1,0,0,0,1
0,65,0,0,0,0,1,0,1,0,0,0,1
0,63,0,0,1,0,1,1,0,0,0,0,1
0,3,0,0,0,0,0,0,1,0,0,1,0
0,9,0,0,1,0,1,0,1,0,0,1,0
1,29,0,0,1,0,0,0,1,0,0,0,1
0,66,0,0,1,0,0,0,0,0,1,0,1
4,16,0,0,0,1,1,0,0,1,0,0,0
0,68,0,1,0,0,1,0,1,0,0,0,0
0,12,0,0,0,1,0,0,1,0,0,0,1
3,15,0,1,0,0,0,0,1,0,0,0,1
0,5,0,0,0,0,0,0,0,0,0,0,1
0,83,0,0,0,0,0,1,0,0,0,0,1
0,28,0,0,1,0,0,0,1,0,0,0,1
3,41,0,0,0,1,1,0,1,0,0,0,0
0,77,0,0,1,0,1,0,1,0,0,0,1
0,6,0,1,0,0,0,0,1,0,0,0,1
0,26,0,0,1,0,0,0,1,0,0,0,1
0,29,0,0,0,1,1,0,1,0,0,0,1
0,35,0,0,0,0,0,0,0,0,1,0,1
0,40,0,1,0,0,1,0,1,0,0,0,1
0,55,0,0,1,0,1,1,0,0,0,0,1
0,63,0,1,0,0,0,0,1,0,0,0,1
0,91,0,0,0,1,0,0,0,0,1,0,1
0,4,0,0,1,0,1,0,1,0,0,0,0
0,64,1,0,0,0,0,0,1,0,0,0,1
0,139,1,0,0,0,0,0,0,0,1,0,1
0,36,0,1,0,0,1,0,0,0,1,0,1
0,7,0,1,0,0,0,0,1,0,0,0,1
0,31,0,0,1,0,1,0,0,0,1,0,0
7,16,0,0,0,1,1,0,0,0,0,1,0
0,12,1,0,0,0,1,1,0,0,0,0,1
3,10,0,0,1,0,0,0,1,0,0,0,1
0,15,0,0,1,0,0,1,0,0,0,0,1
0,41,0,1,0,0,0,0,0,0,1,0,1
0,4,0,1,0,0,1,1,0,0,0,0,1
0,98,0,0,0,0,0,0,0,0,1,0,1
3,10,0,0,1,0,0,1,0,0,0,0,1
2,68,0,1,0,0,1,0,0,1,0,0,0
0,48,1,0,0,0,1,0,1,0,0,1,0
2,69,0,0,0,1,1,0,1,0,0,0,0
0,62,0,0,1,0,1,0,0,0,1,0,1
0,61,0,0,1,0,1,0,0,0,1,0,1
0,50,0,0,0,0,0,0,1,0,0,0,1
0,42,0,0,1,0,0,0,1,0,0,0,1
2,10,0,1,0,0,0,0,1,0,0,0,1
0,37,0,0,1,0,1,0,1,0,0,0,1
1,139,1,0,0,0,0,0,0,0,1,0,1
0,3,0,0,0,0,1,0,0,0,1,0,1
0,14,0,1,0,0,1,1,0,0,0,0,1
0,30,0,1,0,0,0,0,0,0,1,0,1
0,49,0,0,0,0,1,0,0,0,1,0,1
0,13,0,0,1,0,0,0,0,0,1,0,1
0,31,0,0,0,0,1,0,0,0,1,0,1
0,27,0,0,0,0,1,0,0,0,1,0,1
0,20,0,0,0,0,0,0,0,0,0,0,1
0,20,0,0,1,0,1,0,0,0,1,0,1
0,12,0,0,1,0,1,0,0,0,1,0,1
0,32,0,0,0,0,1,0,0,0,1,0,1
0,127,0,0,0,0,1,0,1,0,0,0,0
0,24,0,1,0,0,0,0,0,0,0,0,1
2,131,0,0,1,0,1,0,1,0,0,0,0
0,43,0,0,1,0,0,0,0,0,1,0,1
0,21,1,0,0,0,1,0,0,0,1,0,1
0,80,0,0,0,1,1,0,1,0,0,0,1
0,24,0,0,1,0,0,0,0,0,0,1,0
0,2,0,1,0,0,0,1,0,0,0,1,0
1,96,0,1,0,0,1,0,1,0,0,0,1
0,40,0,0,0,0,1,0,0,0,0,0,1
0,1,0,0,0,0,0,0,1,0,0,0,0
8,15,0,0,0,1,1,1,0,0,0,0,1
0,24,1,0,0,0,0,0,0,0,1,0,1
0,17,0,0,1,0,1,0,0,0,1,0,1
3,99,0,1,0,0,0,0,0,0,0,0,1
5,42,0,0,0,0,0,0,1,0,0,0,0
4,22,0,0,0,0,0,0,1,0,0,0,0
0,88,0,0,1,0,1,0,0,0,1,0,1
1,16,1,0,0,0,0,0,1,0,0,0,1
0,5,0,0,1,0,0,0,0,0,1,0,1
0,68,0,0,0,0,1,0,0,0,0,0,1
0,22,1,0,0,0,0,0,1,0,0,0,1
4,43,0,0,0,0,1,1,0,0,0,0,1
0,10,1,0,0,0,0,0,0,0,1,0,1
0,4,0,0,1,0,1,0,0,0,1,0,1
0,113,0,1,0,0,0,0,1,0,0,0,1
1,106,0,0,1,0,1,0,1,0,0,0,1
0,34,0,0,1,0,0,0,0,0,1,0,1
0,2,0,1,0,0,0,0,0,0,1,0,1
0,32,0,0,1,0,1,0,1,0,0,0,0
0,3,0,1,0,0,0,0,0,0,1,0,1
0,4,0,0,0,0,0,0,1,0,0,0,1
0,82,0,1,0,0,0,0,0,0,1,0,1
1,38,1,0,0,0,1,0,1,0,0,1,0
4,17,0,0,1,0,1,0,0,0,0,0,1
0,40,0,0,1,0,1,0,1,0,0,0,1
7,52,0,0,0,0,1,0,1,0,0,0,1
0,15,1,0,0,0,1,0,0,0,0,0,1
5,3,0,0,0,0,1,0,1,0,0,0,1
1,6,0,0,0,1,0,1,0,0,0,0,1
4,35,0,0,0,0,1,1,0,0,0,0,1
0,47,0,0,1,0,1,0,0,0,1,0,1
0,41,0,0,1,0,0,0,0,0,1,0,1
4,14,0,1,0,0,1,0,1,0,0,1,0
0,2,0,0,0,0,1,0,1,0,0,0,1
2,8,0,0,1,0,1,1,0,0,0,0,1
0,23,0,0,1,0,0,0,0,0,0,0,1
0,23,0,1,0,0,1,0,0,0,0,0,1
0,61,0,0,1,0,0,0,0,1,0,0,1
0,30,1,0,0,0,1,0,0,1,0,0,1
0,37,1,0,0,0,1,0,0,1,0,0,1
0,15,0,1,0,0,0,0,0,0,0,0,1
0,48,0,0,1,0,1,0,0,0,1,0,1
1,11,0,0,1,0,0,0,1,0,0,0,1
0,14,0,1,0,0,0,0,1,0,0,0,0
0,102,0,1,0,0,0,0,1,0,0,0,1
0,92,0,0,0,0,1,0,0,0,1,0,1
0,42,0,0,1,0,0,0,0,0,0,1,0
4,131,0,1,0,0,0,0,0,0,0,0,1
0,107,0,0,1,0,0,0,0,0,0,0,1
0,104,0,0,1,0,0,0,1,0,0,0,1
1,101,0,0,0,0,0,1,0,0,0,0,1
0,98,0,0,1,0,0,0,0,1,0,0,1
0,13,0,0,1,0,1,0,0,0,0,0,0
0,76,0,0,1,0,0,0,0,0,0,0,1
0,81,0,0,0,0,1,0,0,0,1,0,1
9,17,0,0,0,1,1,0,0,1,0,1,0
3,78,0,0,0,0,1,0,1,0,0,1,0
3,90,0,0,0,0,0,0,1,0,0,1,0
1,9,0,0,0,0,0,0,1,0,0,0,1
0,3,0,0,0,0,1,0,1,0,0,1,0
1,58,0,0,1,0,1,0,1,0,0,0,1
3,16,0,0,0,0,1,0,0,1,0,0,1
3,7,0,0,1,0,0,0,1,0,0,0,1
1,132,0,0,0,0,1,0,1,0,0,1,0
2,57,0,1,0,0,1,0,1,0,0,1,0
8,13,0,0,1,0,1,0,1,0,0,0,1
3,50,0,1,0,0,0,0,1,0,0,0,1
4,30,0,1,0,0,0,0,1,0,0,1,0
3,25,0,0,1,0,1,0,1,0,0,0,1
2,100,0,1,0,0,0,0,1,0,0,0,1
0,24,0,1,0,0,0,0,0,0,0,0,1
0,11,0,0,0,1,0,0,1,0,0,0,1
0,7,0,0,1,0,0,0,0,0,1,0,1
0,57,0,0,0,0,1,0,0,0,1,0,1
4,28,0,1,0,0,1,0,1,0,0,1,0
0,12,0,0,0,1,1,0,1,0,0,0,1
0,44,0,0,1,0,1,0,0,1,0,0,1
1,91,0,0,1,0,1,0,0,1,0,1,0
4,47,0,1,0,0,1,0,1,0,0,0,1
2,63,0,1,0,0,0,0,0,1,0,0,1
2,9,0,1,0,0,0,0,1,0,0,0,1
0,13,0,1,0,0,1,0,1,0,0,0,1
0,79,0,0,1,0,0,0,1,0,0,0,1
8,60,0,0,0,0,1,0,1,0,0,1,0
3,46,0,0,0,1,0,0,1,0,0,0,1
0,26,0,1,0,0,0,0,1,0,0,0,1
0,16,0,0,0,0,1,0,1,0,0,0,1
0,7,1,0,0,0,1,0,1,0,0,0,1
0,19,0,0,0,1,0,0,1,0,0,0,1
7,3,0,1,0,0,1,0,1,0,0,1,0
0,31,0,0,1,0,0,0,1,0,0,0,1
0,34,0,0,0,0,0,0,1,0,0,1,0
0,128,0,0,1,0,1,0,1,0,0,0,1
3,57,0,0,0,0,1,0,1,0,0,0,1
3,30,0,1,0,0,0,0,1,0,0,0,1
0,38,0,0,0,1,0,0,1,0,0,0,1
0,13,0,0,0,1,1,0,1,0,0,0,1
2,43,0,0,1,0,1,0,1,0,0,0,1
2,77,0,0,0,1,1,0,1,0,0,0,1
4,26,0,0,0,1,1,0,1,0,0,0,1
0,6,0,0,1,0,0,0,1,0,0,0,1
0,30,0,1,0,0,0,0,0,0,1,0,1
0,32,0,0,0,0,0,0,0,0,1,0,1
0,11,1,0,0,0,0,0,1,0,0,0,1
0,13,1,0,0,0,1,0,1,0,0,0,1
0,11,0,1,0,0,0,0,1,0,0,0,1
0,43,0,0,1,0,1,0,0,0,1,0,1
0,16,0,0,0,0,0,0,0,1,0,0,1
0,7,0,0,0,1,0,0,1,0,0,0,1
3,86,0,1,0,0,0,0,1,0,0,0,1
0,14,0,0,0,1,0,0,1,0,0,0,1
2,27,0,1,0,0,0,0,1,0,0,0,1
0,6,1,0,0,0,1,0,1,0,0,1,0
0,26,0,0,0,0,1,0,1,0,0,0,1
3,72,0,1,0,0,0,0,1,0,0,0,1
0,57,0,1,0,0,0,0,1,0,0,0,1
4,74,0,0,0,0,1,0,1,0,0,0,1
3,9,0,0,0,0,1,0,1,0,0,0,1
7,24,0,0,0,0,0,0,1,0,0,1,0
0,7,0,0,0,0,1,0,0,0,0,0,1
4,124,0,1,0,0,0,0,0,0,0,1,0
0,5,0,1,0,0,0,0,1,0,0,0,1
0,4,0,0,1,0,1,0,1,0,0,0,1
0,4,0,1,0,0,1,0,1,0,0,1,0
0,22,0,0,1,0,0,0,0,0,1,0,1
5,83,0,0,1,0,1,0,1,0,0,0,0
0,140,0,0,1,0,1,0,1,0,0,0,1
4,4,0,0,0,0,1,0,1,0,0,0,1
0,85,0,0,0,0,1,0,1,0,0,0,1
0,9,1,0,0,0,1,0,1,0,0,0,1
0,50,0,0,0,0,0,0,0,0,1,0,1
0,34,0,0,0,1,1,0,1,0,0,1,0
0,146,0,0,1,0,0,0,0,1,0,0,1
0,30,0,0,0,0,1,0,1,0,0,0,0
1,89,0,0,0,0,0,0,1,0,0,0,1
0,12,0,0,1,0,1,0,1,0,0,0,1
0,67,0,0,0,0,1,0,0,1,0,0,1
0,55,0,1,0,0,1,0,1,0,0,0,1
0,44,0,0,1,0,1,0,1,0,0,0,1
2,56,0,1,0,0,0,0,1,0,0,0,1
0,34,0,0,1,0,1,0,1,0,0,0,1
0,36,0,0,0,1,1,0,1,0,0,1,0
0,109,0,0,0,0,1,0,1,0,0,0,1
1,120,0,0,0,0,0,0,1,0,0,1,0
0,130,0,1,0,0,1,0,1,0,0,0,1
1,21,1,0,0,0,1,0,1,0,0,0,1
0,44,0,0,0,0,1,0,0,1,0,0,1
0,48,0,0,1,0,1,1,0,0,0,0,1
9,77,0,0,0,1,1,0,0,0,0,0,1
7,80,0,0,0,1,0,0,0,1,0,1,0
9,7,0,1,0,0,0,0,1,0,0,1,0
0,3,0,1,0,0,0,0,1,0,0,0,1
0,5,0,0,1,0,0,0,1,0,0,0,1
0,10,1,0,0,0,0,0,1,0,0,0,1
0,43,0,1,0,0,0,0,0,1,0,0,1
2,57,0,0,0,0,0,0,1,0,0,0,1
0,72,0,0,0,1,0,0,1,0,0,0,1
1,25,0,0,0,1,0,0,1,0,0,0,1
4,98,1,0,0,0,1,0,1,0,0,0,1
0,42,0,0,1,0,0,0,1,0,0,1,0
0,6,0,1,0,0,1,0,1,0,0,0,1
1,17,0,0,0,0,1,0,1,0,0,0,1
2,44,0,1,0,0,0,0,0,1,0,0,1
2,16,0,0,0,1,1,0,1,0,0,0,1
0,115,0,0,1,0,0,0,1,0,0,0,1
2,23,0,0,0,1,1,0,0,1,0,0,1
0,22,0,0,1,0,1,0,0,0,1,0,1
0,33,0,0,0,0,0,0,1,0,0,0,1
0,70,0,0,0,0,1,0,1,0,0,0,1
0,63,0,0,0,0,0,0,1,0,0,0,1
0,143,0,0,1,0,1,0,0,1,0,0,1
4,15,0,0,0,0,1,0,1,0,0,0,1
0,88,0,0,0,0,0,0,0,0,1,0,1
0,88,0,0,0,0,1,0,0,0,1,0,1
0,54,0,0,1,0,0,0,0,0,1,0,1
0,6,0,0,1,0,1,0,0,0,1,0,1
0,82,0,0,1,0,0,0,1,0,0,0,1
0,49,0,0,1,0,1,0,1,0,0,0,1
0,3,0,1,0,0,0,0,1,0,0,0,1
0,42,0,0,1,0,1,0,1,0,0,0,1
0,43,0,1,0,0,1,0,0,0,0,0,1
0,33,0,1,0,0,0,0,1,0,0,0,1
0,57,0,0,1,0,0,0,0,0,1,0,1
0,111,0,0,0,1,0,0,1,0,0,0,1
1,33,0,0,1,0,0,0,1,0,0,0,1
0,57,0,0,1,0,1,0,1,0,0,0,1
0,4,0,0,1,0,1,0,1,0,0,0,1
0,44,0,0,0,0,0,0,0,0,1,0,1
6,107,1,0,0,0,1,0,1,0,0,1,0
0,21,0,1,0,0,0,0,1,0,0,0,1
0,144,0,0,0,0,1,0,1,0,0,0,1
0,72,0,0,1,0,0,0,1,0,0,0,1
0,23,0,0,1,0,0,0,1,0,0,0,1
0,7,0,0,1,0,1,0,0,0,1,0,1
0,136,0,0,1,0,0,0,0,0,0,0,1
0,49,0,0,0,0,0,0,1,0,0,0,1
0,23,0,1,0,0,0,0,1,0,0,0,1
0,5,0,0,1,0,0,0,0,1,0,0,1
0,87,0,0,0,1,0,0,0,0,1,0,1
0,76,0,0,0,1,1,0,0,0,1,0,1
0,105,0,0,0,0,1,0,0,0,1,0,1
0,80,1,0,0,0,1,1,0,0,0,0,1
0,110,0,0,0,0,1,0,1,0,0,0,1
0,100,0,0,1,0,0,0,1,0,0,0,1
0,83,0,0,0,0,0,0,1,0,0,0,1
0,22,0,0,1,0,0,0,0,0,1,0,1
0,116,0,0,1,0,1,0,1,0,0,0,1
2,71,0,0,1,0,1,0,0,0,0,1,0
0,80,0,0,1,0,1,0,1,0,0,0,1
0,41,0,0,1,0,1,0,0,0,0,0,1
0,35,0,0,1,0,0,0,1,0,0,0,0
0,6,0,1,0,0,0,0,1,0,0,0,1
0,6,0,0,0,0,1,0,0,0,0,0,1
6,50,1,0,0,0,1,0,0,0,0,0,1
0,92,0,0,1,0,0,0,1,0,0,0,1
0,119,0,0,1,0,1,0,0,0,0,0,1
0,42,0,0,0,1,1,0,1,0,0,1,0
0,98,0,1,0,0,0,0,1,0,0,0,1
0,6,0,1,0,0,1,0,1,0,0,1,0
0,95,0,1,0,0,0,0,1,0,0,0,1
9,108,0,1,0,0,0,0,1,0,0,1,0
0,25,0,1,0,0,0,0,1,0,0,0,1
0,18,0,0,0,0,0,0,1,0,0,0,1
2,20,1,0,0,0,0,0,1,0,0,0,1
0,19,0,0,1,0,0,0,0,0,0,0,1
2,62,0,0,0,1,1,0,0,0,0,0,1
1,55,0,0,0,0,1,0,1,0,0,0,1
1,7,1,0,0,0,1,0,0,1,0,0,1
9,43,0,1,0,0,0,0,0,0,0,1,0
0,14,0,0,0,0,0,0,1,0,0,0,1
1,36,0,0,0,0,1,0,0,1,0,0,1
0,136,0,0,1,0,1,0,0,0,0,0,1
0,19,0,1,0,0,1,0,0,0,1,0,1
3,20,0,0,0,1,1,0,1,0,0,1,0
2,12,0,0,0,0,0,0,0,0,0,0,1
0,127,0,1,0,0,1,0,1,0,0,0,1
0,1,0,0,0,0,0,0,1,0,0,0,1
2,54,0,0,0,0,0,0,1,0,0,1,0
5,85,0,1,0,0,0,0,1,0,0,0,0
0,10,0,0,0,1,0,0,0,1,0,0,1
5,40,0,0,0,0,1,0,0,1,0,0,1
0,40,0,0,0,0,1,0,1,0,0,0,1
3,25,1,0,0,0,0,0,1,0,0,1,0
3,57,0,0,1,0,0,0,1,0,0,1,0
4,41,0,1,0,0,1,1,0,0,0,0,1
0,15,0,1,0,0,0,0,1,0,0,0,1
0,19,0,0,0,0,1,0,1,0,0,0,1
9,20,0,0,0,0,1,0,0,1,0,1,0
0,7,0,1,0,0,0,0,0,1,0,0,1
0,34,1,0,0,0,0,0,0,0,0,0,1
0,15,0,0,1,0,0,0,0,1,0,0,1
0,17,0,1,0,0,0,0,0,0,1,0,1
0,124,0,0,1,0,0,0,0,0,1,0,1
0,18,0,1,0,0,0,0,1,0,0,0,1
0,25,0,0,1,0,1,0,0,1,0,0,1
0,149,0,0,0,0,1,0,1,0,0,1,0
0,3,0,1,0,0,1,0,1,0,0,0,1
0,34,0,0,1,0,1,1,0,0,0,0,1
0,34,1,0,0,0,0,0,1,0,0,0,1
0,36,1,0,0,0,1,0,1,0,0,0,1
0,37,1,0,0,0,0,0,1,0,0,0,1
0,3,0,1,0,0,1,0,1,0,0,0,1
0,34,0,0,0,0,0,0,1,0,0,0,1
1,12,0,0,0,0,1,0,1,0,0,0,1
0,4,0,1,0,0,0,0,0,0,1,0,1
2,41,0,1,0,0,0,0,0,0,0,0,1
0,24,1,0,0,0,1,0,1,0,0,0,1
2,57,0,1,0,0,0,0,1,0,0,0,1
0,35,0,1,0,0,0,0,1,0,0,0,1
0,84,0,1,0,0,0,0,0,0,1,0,1
0,33,0,1,0,0,0,0,1,0,0,1,0
0,17,0,0,0,0,1,0,1,0,0,0,1
1,34,1,0,0,0,0,1,0,0,0,0,1
0,1,0,1,0,0,0,0,0,0,1,0,1
0,27,0,0,0,0,0,0,0,0,0,0,1
2,13,0,1,0,0,1,0,1,0,0,1,0
1,54,0,0,1,0,0,0,1,0,0,0,1
2,17,0,0,1,0,1,0,1,0,0,0,1
0,6,0,0,1,0,1,0,0,1,0,0,1
1,40,0,0,0,0,1,0,0,0,0,0,1
1,14,0,1,0,0,0,0,1,0,0,0,1
3,30,0,0,0,1,0,0,1,0,0,0,1
1,6,0,0,1,0,0,0,1,0,0,1,0
3,6,0,0,1,0,1,0,1,0,0,0,1
0,5,0,1,0,0,0,0,1,0,0,1,0
2,6,0,1,0,0,1,0,1,0,0,0,1
9,132,0,1,0,0,1,0,1,0,0,0,1
3,41,0,1,0,0,1,0,1,0,0,0,0
0,32,0,0,0,0,0,0,0,0,0,1,0
2,18,0,0,1,0,1,0,1,0,0,1,0
0,45,1,0,0,0,0,0,1,0,0,1,0
0,12,0,0,0,0,1,1,0,0,0,0,1
0,3,0,1,0,0,0,0,1,0,0,0,1
0,8,1,0,0,0,1,0,1,0,0,0,1
0,69,0,0,0,0,1,0,1,0,0,0,1
0,104,0,0,0,0,0,0,0,0,1,0,1
0,63,0,0,0,0,0,0,0,0,1,0,1
0,17,0,0,1,0,0,0,0,1,0,0,1
4,50,1,0,0,0,1,0,1,0,0,0,1
2,43,0,1,0,0,0,0,1,0,0,1,0
0,68,0,0,1,0,0,1,0,0,0,0,1
0,98,1,0,0,0,0,0,1,0,0,0,1
0,52,0,0,0,0,0,0,1,0,0,0,1
0,33,0,0,1,0,1,0,1,0,0,0,1
0,49,0,0,1,0,1,0,1,0,0,0,1
0,112,0,1,0,0,1,0,1,0,0,0,1
0,77,1,0,0,0,0,0,0,0,1,0,1
0,27,1,0,0,0,1,0,0,0,0,0,1
0,46,0,0,0,0,1,0,0,0,0,0,1
0,29,0,0,1,0,0,0,0,0,1,0,1
0,76,0,0,1,0,0,0,1,0,0,0,1
0,39,1,0,0,0,1,0,0,0,1,0,1
0,71,0,0,1,0,0,0,1,0,0,0,1
0,19,1,0,0,0,1,0,0,0,1,0,1
0,23,0,1,0,0,1,0,1,0,0,0,1
0,31,0,1,0,0,0,0,0,0,0,0,1
0,29,0,0,1,0,0,0,0,0,1,0,1
0,95,0,0,0,0,0,0,1,0,0,0,1
0,121,1,0,0,0,1,0,1,0,0,0,1
0,131,0,0,1,0,0,0,1,0,0,0,1
0,29,1,0,0,0,1,0,1,0,0,0,1
7,27,0,1,0,0,0,0,1,0,0,1,0
0,17,0,1,0,0,1,0,1,0,0,0,1
1,85,0,0,1,0,1,0,0,0,0,0,1
0,1,0,1,0,0,0,0,1,0,0,0,1
0,62,0,1,0,0,0,0,1,0,0,0,0
1,32,1,0,0,0,0,0,1,0,0,0,0
6,71,0,1,0,0,0,0,0,0,0,1,0
4,68,0,1,0,0,0,0,1,0,0,0,1
7,64,0,0,1,0,0,0,1,0,0,0,1
0,59,0,0,0,1,1,0,0,0,0,0,1
0,134,0,0,0,0,0,0,0,0,1,0,1
0,18,0,0,1,0,0,0,0,0,1,0,1
0,71,0,1,0,0,0,0,1,0,0,0,1
0,23,0,1,0,0,1,0,0,0,1,0,1
0,33,0,0,1,0,0,0,0,0,1,0,0
0,10,0,1,0,0,0,0,1,0,0,0,1
0,11,0,0,0,0,1,0,0,0,0,0,1
2,94,0,1,0,0,0,0,0,0,0,1,0
8,59,0,0,1,0,1,0,0,0,0,0,1
0,17,0,0,1,0,0,0,0,0,0,0,1
0,30,0,0,0,0,0,0,1,0,0,0,1
0,36,0,0,0,0,1,0,0,0,0,0,1
2,47,1,0,0,0,1,0,1,0,0,1,0
0,53,1,0,0,0,1,0,1,0,0,1,0
3,120,0,0,1,0,1,0,0,1,0,0,1
5,113,0,0,0,1,1,1,0,0,0,0,1
1,9,0,1,0,0,1,0,1,0,0,1,0
2,64,0,0,1,0,1,0,1,0,0,1,0
3,45,0,1,0,0,0,0,1,0,0,0,1
0,17,0,1,0,0,0,0,0,0,1,0,1
0,81,0,0,0,1,0,0,0,0,1,0,1
0,28,0,1,0,0,1,0,0,0,1,0,1
0,63,0,0,1,0,1,0,0,0,1,0,1
0,49,0,1,0,0,0,0,0,0,1,0,1
5,55,0,0,0,1,1,0,1,0,0,1,0
5,53,0,1,0,0,1,0,1,0,0,1,0
0,9,0,0,1,0,1,0,0,0,1,0,1
7,28,0,1,0,0,1,0,1,0,0,1,0
2,94,1,0,0,0,0,0,1,0,0,0,0
0,53,0,0,1,0,1,0,0,0,1,0,1
7,25,0,0,1,0,1,0,0,0,0,0,1
3,58,0,0,0,0,1,0,1,0,0,1,0
0,69,0,0,1,0,1,0,1,0,0,0,1
0,118,1,0,0,0,1,0,0,0,1,0,1
0,102,0,1,0,0,0,1,0,0,0,0,1
0,36,0,0,0,0,1,0,0,0,1,0,1
0,20,0,0,0,0,1,0,0,0,0,0,1
0,46,0,1,0,0,1,0,0,0,0,0,1
0,12,0,0,1,0,0,0,0,0,1,0,1
0,46,0,0,0,1,0,0,0,0,1,0,1
0,23,0,0,0,1,0,0,0,0,1,0,1
0,18,0,0,1,0,1,0,0,0,1,0,1
0,13,0,1,0,0,0,0,0,1,0,0,0
0,26,0,0,1,0,0,0,0,0,0,0,1
0,133,0,0,1,0,1,0,1,0,0,0,1
0,2,0,1,0,0,0,0,0,0,1,0,1
0,43,0,0,0,0,1,0,0,0,1,0,1
0,16,0,0,0,0,1,0,1,0,0,0,0
0,37,0,0,1,0,1,0,0,0,1,0,1
3,20,0,1,0,0,0,0,0,1,0,1,0
4,127,0,0,1,0,1,0,1,0,0,1,0
0,63,0,0,1,0,0,0,0,0,1,0,1
0,24,0,1,0,0,0,0,1,0,0,1,0
0,28,1,0,0,0,0,0,0,0,1,0,1
0,75,0,1,0,0,0,0,0,0,1,0,1
0,20,0,0,0,0,1,0,0,1,0,0,1
0,85,0,0,0,1,0,0,0,0,0,0,1
0,32,0,1,0,0,0,0,0,0,1,0,1
0,100,0,1,0,0,0,0,1,0,0,0,1
0,113,0,0,1,0,0,0,1,0,0,0,1
0,2,1,0,0,0,1,0,1,0,0,1,0
0,53,0,0,1,0,1,0,0,0,0,0,1
0,3,0,0,1,0,0,0,0,0,1,0,1
0,70,0,0,1,0,1,0,1,0,0,0,1
3,17,0,1,0,0,0,0,1,0,0,1,0
0,99,0,0,0,0,0,0,0,0,1,0,1
0,40,0,0,0,0,1,0,0,0,0,0,1
0,28,0,0,1,0,1,0,0,0,0,0,1
0,7,0,1,0,0,1,0,1,0,0,0,1
3,63,1,0,0,0,0,1,0,0,0,0,1
0,111,0,0,0,0,1,0,1,0,0,0,0
5,7,0,0,1,0,1,0,1,0,0,1,0
0,10,0,0,0,0,0,0,0,0,0,0,1
1,16,0,0,1,0,0,0,1,0,0,0,0
9,28,0,0,0,0,1,0,1,0,0,1,0
4,78,0,0,1,0,1,0,1,0,0,0,1
8,6,0,0,0,1,1,0,1,0,0,1,0
1,13,0,0,1,0,0,1,0,0,0,0,1
0,47,0,0,1,0,0,0,0,0,1,0,1
1,120,0,1,0,0,0,0,1,0,0,1,0
0,85,0,0,0,0,0,0,1,0,0,1,0
7,9,0,0,0,1,0,0,1,0,0,0,0
2,38,0,0,1,0,1,0,1,0,0,1,0
2,38,0,1,0,0,0,0,1,0,0,1,0
0,97,0,0,1,0,0,0,0,0,1,0,1
0,2,1,0,0,0,0,0,0,1,0,0,1
0,3,0,0,1,0,1,0,1,0,0,0,1
0,2,0,0,0,0,0,0,1,0,0,0,1
0,1,0,0,1,0,0,0,0,0,1,0,1
0,40,1,0,0,0,0,0,0,0,1,0,1
0,39,0,0,0,1,0,0,0,0,1,0,1
0,17,0,0,0,0,0,0,0,0,1,0,1
0,49,1,0,0,0,1,0,1,0,0,0,0
0,8,0,1,0,0,1,0,1,0,0,0,1
0,3,1,0,0,0,0,0,0,0,0,0,1
1,112,0,0,1,0,1,1,0,0,0,0,1
0,91,0,0,1,0,1,0,0,0,0,0,1
8,85,0,0,1,0,0,0,0,1,0,0,1
0,7,0,1,0,0,0,0,0,0,1,0,1
0,124,0,0,0,0,1,0,0,0,0,0,1
8,97,0,0,0,1,1,1,0,0,0,0,1
3,56,0,0,1,0,1,0,0,0,0,1,0
0,72,0,0,0,0,1,0,0,1,0,0,1
0,72,0,0,0,0,0,0,0,1,0,0,1
0,43,0,1,0,0,0,0,0,0,0,0,1
0,64,0,0,0,0,1,0,1,0,0,0,1
0,85,0,0,0,0,1,0,0,0,1,0,1
0,46,0,1,0,0,0,1,0,0,0,0,1
2,60,0,1,0,0,0,0,0,0,0,0,1
9,65,0,1,0,0,0,0,1,0,0,1,0
8,132,0,1,0,0,0,0,1,0,0,1,0
7,15,0,1,0,0,0,0,1,0,0,1,0
6,60,0,1,0,0,0,0,0,1,0,1,0
5,6,0,0,0,0,1,0,1,0,0,1,0
2,16,1,0,0,0,0,0,1,0,0,0,1
5,99,0,0,1,0,1,0,0,1,0,0,0
0,42,1,0,0,0,0,0,1,0,0,0,1
1,30,0,1,0,0,0,0,1,0,0,0,0
6,83,1,0,0,0,0,1,0,0,0,1,0
4,132,0,1,0,0,0,0,1,0,0,1,0
2,31,0,0,1,0,1,1,0,0,0,0,1
7,65,0,0,0,0,1,0,1,0,0,0,1
4,103,0,0,0,0,1,0,0,0,0,0,1
5,62,0,0,0,0,0,0,1,0,0,1,0
0,5,0,0,1,0,1,0,0,0,1,0,1
0,19,0,0,1,0,0,0,1,0,0,0,1
0,8,0,0,0,1,1,0,1,0,0,0,1
0,56,0,0,1,0,0,0,0,1,0,0,1
0,48,0,0,1,0,0,0,1,0,0,0,1
3,42,0,0,0,1,1,0,1,0,0,0,1
0,13,0,1,0,0,0,0,1,0,0,0,1
0,42,0,1,0,0,1,0,1,0,0,0,1
0,83,0,1,0,0,0,0,0,0,1,0,1
0,110,0,0,0,0,0,0,1,0,0,0,1
0,26,0,0,1,0,0,0,1,0,0,0,1
0,79,0,1,0,0,1,0,1,0,0,0,1
0,20,0,1,0,0,1,0,1,0,0,0,0
2,48,0,1,0,0,0,0,1,0,0,0,1
0,100,0,0,0,0,1,0,0,0,1,0,1
0,69,1,0,0,0,0,0,0,0,1,0,1
0,10,0,0,0,1,0,0,0,0,0,0,1
0,12,0,0,1,0,0,0,1,0,0,0,1
4,15,0,0,1,0,0,0,1,0,0,0,1
4,78,0,0,0,0,1,0,1,0,0,1,0
1,52,0,1,0,0,1,0,1,0,0,1,0
4,38,0,0,0,0,0,0,1,0,0,0,1
0,59,0,1,0,0,0,0,1,0,0,0,1
0,38,0,1,0,0,0,0,1,0,0,0,1
0,62,0,0,1,0,0,0,1,0,0,0,1
2,47,1,0,0,0,1,0,1,0,0,1,0
3,72,0,0,1,0,1,0,1,0,0,0,1
0,35,1,0,0,0,1,0,1,0,0,0,1
0,6,0,0,0,0,1,0,1,0,0,0,1
0,51,0,0,0,0,1,0,0,0,1,0,1
4,129,0,0,1,0,0,0,0,0,0,1,0
4,43,0,1,0,0,0,0,1,0,0,0,1
0,1,0,1,0,0,1,0,1,0,0,1,0
0,104,0,0,1,0,0,0,0,0,1,0,1
0,13,0,1,0,0,0,0,1,0,0,0,1
2,21,0,0,1,0,1,0,1,0,0,0,1
7,103,0,1,0,0,0,0,1,0,0,0,1
0,25,0,1,0,0,0,0,1,0,0,0,1
8,13,0,0,1,0,1,0,1,0,0,0,1
3,50,0,1,0,0,0,0,1,0,0,1,0
1,1,1,0,0,0,0,0,1,0,0,1,0
4,34,0,0,0,1,1,0,1,0,0,0,1
0,139,0,0,0,0,0,0,0,0,0,0,0
2,18,0,1,0,0,1,1,0,0,0,0,1
0,8,0,1,0,0,0,0,1,0,0,0,1
1,44,0,1,0,0,0,0,1,0,0,0,1
2,148,0,1,0,0,0,0,1,0,0,1,0
1,7,0,0,1,0,1,0,1,0,0,0,1
4,76,0,0,1,0,0,0,1,0,0,0,1
0,36,0,1,0,0,0,0,0,0,1,0,1
0,19,0,0,1,0,0,0,1,0,0,0,1
7,28,1,0,0,0,0,0,1,0,0,1,0
0,112,0,0,1,0,0,0,1,0,0,0,1
0,83,0,0,1,0,0,0,0,0,1,0,1
0,11,0,0,1,0,0,0,1,0,0,0,1
4,10,0,1,0,0,1,0,1,0,0,1,0
1,60,0,0,1,0,0,0,1,0,0,0,1
0,12,0,1,0,0,1,0,1,0,0,0,1
0,61,1,0,0,0,1,0,0,0,1,0,1
0,62,0,1,0,0,1,0,1,0,0,0,1
0,6,0,1,0,0,0,0,1,0,0,0,1
0,109,0,0,1,0,0,0,1,0,0,0,1
4,2,0,1,0,0,0,0,1,0,0,1,0
0,30,0,1,0,0,0,0,1,0,0,0,1
0,14,1,0,0,0,1,0,1,0,0,0,1
8,59,0,1,0,0,0,0,1,0,0,0,0
0,64,0,0,0,0,1,0,0,0,1,0,1
0,3,0,0,1,0,1,0,1,0,0,0,1
0,11,0,0,0,0,1,0,1,0,0,0,1
0,21,1,0,0,0,1,0,1,0,0,0,1
0,41,0,0,1,0,1,0,1,0,0,0,1
4,119,0,0,1,0,0,0,1,0,0,0,1
0,45,0,1,0,0,1,0,0,0,1,0,1
0,54,1,0,0,0,0,0,0,0,1,0,1
0,70,1,0,0,0,1,0,0,0,0,0,1
0,18,0,1,0,0,0,0,0,1,0,0,1
1,18,0,0,1,0,1,0,0,1,0,1,0
3,15,0,1,0,0,1,1,0,0,0,0,1
7,122,0,0,1,0,0,0,1,0,0,1,0
0,4,1,0,0,0,0,0,1,0,0,0,1
7,139,0,1,0,0,0,0,1,0,0,1,0
3,7,1,0,0,0,1,0,0,1,0,0,1
4,5,0,0,1,0,0,0,1,0,0,0,1
0,5,0,0,0,0,0,0,1,0,0,0,1
9,37,1,0,0,0,1,0,1,0,0,0,1
6,52,0,1,0,0,1,0,0,0,0,0,1
0,83,0,1,0,0,0,0,0,0,1,0,1
0,37,0,0,0,0,0,0,0,0,1,0,1
0,11,0,0,0,1,1,0,0,0,1,0,1
0,10,0,0,0,1,0,0,1,0,0,0,1
0,42,0,0,1,0,0,0,0,1,0,0,1
0,14,0,0,0,1,1,0,0,0,1,0,1
0,18,0,1,0,0,0,0,0,0,1,0,1
0,11,1,0,0,0,1,0,0,0,0,0,1
0,40,0,0,0,1,1,0,0,0,0,0,1
0,32,0,0,1,0,1,0,0,1,0,0,1
0,7,0,0,0,0,1,0,0,0,1,0,1
0,19,1,0,0,0,0,0,1,0,0,0,1
0,13,0,0,0,0,0,0,0,0,1,0,1
0,3,0,1,0,0,1,0,1,0,0,0,1
0,8,0,1,0,0,1,0,0,0,1,0,1
0,2,0,0,0,0,0,0,1,0,0,0,1
4,130,0,0,1,0,1,0,0,0,0,0,1
4,43,0,1,0,0,0,0,1,0,0,1,0
0,41,0,0,0,0,1,0,1,0,0,0,1
0,49,0,0,1,0,1,0,1,0,0,0,1
0,49,0,1,0,0,0,0,1,0,0,0,1
0,0,0,0,1,0,0,0,0,0,1,0,1
0,33,0,0,0,0,0,0,1,0,0,1,0
0,85,0,0,0,0,1,0,0,1,0,0,1
4,140,0,1,0,0,0,0,1,0,0,1,0
0,7,0,0,1,0,0,0,0,0,1,0,1
0,80,0,0,1,0,1,0,1,0,0,0,1
0,10,0,1,0,0,0,1,0,0,0,1,0
0,112,0,0,1,0,1,0,0,0,1,0,1
0,69,0,0,1,0,0,0,1,0,0,0,1
0,68,0,0,1,0,1,0,1,0,0,0,1
0,53,0,0,1,0,1,0,1,0,0,0,1
0,118,0,0,0,0,1,0,1,0,0,0,1
0,100,0,1,0,0,0,0,1,0,0,0,1
0,61,0,0,1,0,1,0,1,0,0,0,1
1,70,0,1,0,0,1,0,1,0,0,1,0
0,83,1,0,0,0,0,0,1,0,0,0,1
0,95,0,0,1,0,1,0,0,0,1,0,1
0,62,0,0,1,0,0,0,0,0,1,0,1
0,73,0,1,0,0,0,0,0,0,1,0,1
0,21,0,0,1,0,1,1,0,0,0,0,1
0,102,0,0,1,0,0,0,1,0,0,0,1
0,42,0,0,1,0,0,0,0,0,1,0,1
0,4,0,0,1,0,0,0,0,0,1,0,1
0,34,1,0,0,0,1,0,0,0,1,0,1
0,74,0,0,1,0,1,0,0,0,1,0,1
0,92,0,0,1,0,1,0,0,0,1,0,1
0,56,0,0,0,0,1,0,1,0,0,1,0
0,64,0,0,1,0,1,0,1,0,0,0,1
0,71,0,0,1,0,1,0,1,0,0,0,1
0,14,0,1,0,0,0,0,1,0,0,0,1
0,17,1,0,0,0,1,0,1,0,0,0,1
0,21,0,0,0,1,1,0,1,0,0,0,1
0,20,0,1,0,0,1,0,1,0,0,0,1
0,17,0,0,0,0,1,0,0,1,0,0,1
0,22,0,0,1,0,1,0,0,1,0,0,0
0,28,0,0,1,0,1,0,1,0,0,0,1
0,30,1,0,0,0,0,0,1,0,0,0,1
0,16,0,0,0,1,1,0,1,0,0,1,0
0,15,1,0,0,0,1,1,0,0,0,0,1
0,61,1,0,0,0,0,0,1,0,0,1,0
2,7,0,1,0,0,1,0,1,0,0,0,1
3,51,0,0,0,0,1,0,1,0,0,1,0
2,8,1,0,0,0,0,0,1,0,0,0,0
1,43,0,0,1,0,0,0,1,0,0,0,1
2,8,0,1,0,0,1,0,1,0,0,0,0
2,21,0,1,0,0,0,0,0,0,0,0,0
0,1,0,0,0,1,1,0,1,0,0,0,0
1,22,0,0,0,1,0,0,1,0,0,0,1
1,12,0,0,0,1,1,0,0,1,0,0,1
1,8,0,0,0,1,0,0,1,0,0,0,1
1,10,1,0,0,0,1,0,1,0,0,0,1
0,73,0,0,0,0,0,0,1,0,0,0,1
2,22,0,0,1,0,0,0,1,0,0,1,0
0,36,0,0,1,0,0,0,1,0,0,0,1
0,13,0,0,1,0,0,0,1,0,0,0,1
3,27,1,0,0,0,0,0,1,0,0,1,0
0,47,0,0,0,0,1,0,1,0,0,0,1
7,72,0,0,0,0,0,0,1,0,0,1,0
0,61,0,0,1,0,1,0,0,1,0,0,1
0,20,0,0,1,0,1,0,1,0,0,0,1
0,16,0,0,0,0,0,0,0,0,0,1,0
5,5,1,0,0,0,0,0,1,0,0,1,0
0,12,0,0,1,0,0,0,1,0,0,0,1
0,41,0,0,1,0,0,0,1,0,0,0,1
0,17,0,0,1,0,1,0,1,0,0,0,1
0,123,0,0,0,0,0,0,1,0,0,0,0
0,10,0,0,1,0,0,0,1,0,0,0,1
0,21,0,0,1,0,0,0,0,1,0,0,0
0,21,0,0,0,0,1,0,1,0,0,0,0
0,34,0,0,0,0,1,0,1,0,0,0,1
0,71,0,0,0,1,0,0,0,0,1,0,1
0,36,0,0,0,0,0,0,1,0,0,0,1
0,101,0,1,0,0,1,0,0,0,1,0,1
5,19,0,0,0,0,0,0,1,0,0,0,0
0,10,0,0,0,0,0,0,0,0,1,0,1
1,14,1,0,0,0,1,0,1,0,0,0,1
0,19,0,0,1,0,1,0,0,0,1,0,1
0,25,0,0,1,0,1,0,0,1,0,0,1
0,62,0,0,0,0,1,0,0,0,1,0,1
0,14,0,1,0,0,1,0,1,0,0,0,1
0,14,0,1,0,0,1,0,0,1,0,0,1
0,27,0,0,1,0,1,0,1,0,0,0,1
5,30,0,0,0,0,1,0,0,0,0,0,1
2,4,0,0,0,1,1,0,1,0,0,0,1
2,55,1,0,0,0,1,0,1,0,0,1,0
2,77,1,0,0,0,1,0,1,0,0,0,0
0,14,0,1,0,0,0,0,1,0,0,0,0
0,7,0,0,1,0,0,0,1,0,0,0,1
2,6,0,0,1,0,1,1,0,0,0,0,1
0,14,0,0,0,0,1,0,1,0,0,1,0
0,113,0,1,0,0,1,0,0,0,1,0,1
2,125,0,0,1,0,0,0,1,0,0,0,0
8,102,0,1,0,0,0,0,1,0,0,1,0
0,4,0,1,0,0,1,0,1,0,0,0,1
0,11,0,1,0,0,0,0,1,0,0,0,1
2,17,0,0,1,0,1,0,0,0,0,0,1
0,53,0,0,0,0,1,0,0,0,1,0,1
0,41,0,1,0,0,0,0,1,0,0,0,0
0,35,1,0,0,0,0,0,1,0,0,0,1
0,59,0,0,1,0,0,0,0,1,0,0,1
0,85,0,0,0,0,0,1,0,0,0,0,1
0,23,0,0,1,0,0,0,0,0,0,0,1
0,77,0,0,0,0,0,0,1,0,0,0,1
0,12,0,0,1,0,1,1,0,0,0,0,1
4,20,0,0,0,1,1,0,1,0,0,0,1
0,133,0,0,1,0,0,0,1,0,0,0,1
0,39,0,0,0,0,0,1,0,0,0,0,1
0,102,0,0,0,0,0,0,1,0,0,0,1
0,39,1,0,0,0,1,0,1,0,0,0,1
0,116,0,0,0,1,0,0,0,0,0,1,0
8,43,0,1,0,0,0,0,0,0,0,0,1
2,29,0,0,1,0,1,1,0,0,0,1,0
0,72,1,0,0,0,1,0,0,0,0,0,1
1,101,0,0,0,0,0,0,1,0,0,0,1
0,19,0,0,1,0,0,1,0,0,0,0,1
0,43,0,1,0,0,1,0,0,0,0,1,0
0,118,0,0,1,0,1,0,1,0,0,0,1
0,25,0,1,0,0,1,0,1,0,0,0,0
0,84,0,0,0,0,1,0,0,0,1,0,1
4,114,0,0,1,0,0,0,1,0,0,0,1
0,18,1,0,0,0,1,1,0,0,0,0,1
0,54,0,0,0,0,1,0,0,0,0,0,1
0,3,0,0,1,0,0,0,1,0,0,0,1
0,6,0,0,1,0,0,0,0,0,1,0,1
0,81,0,0,0,0,0,0,0,0,0,0,1
0,32,0,0,1,0,0,0,0,0,1,0,0
0,30,0,0,0,0,0,0,0,0,1,0,1
0,33,0,0,1,0,1,0,0,0,1,0,0
6,25,0,0,1,0,1,0,1,0,0,1,0
1,22,0,0,1,0,1,1,0,0,0,0,1
8,113,0,1,0,0,1,0,1,0,0,0,1
5,27,0,0,1,0,1,0,0,0,0,0,1
2,21,0,0,0,0,1,0,1,0,0,1,0
2,48,0,0,0,0,1,1,0,0,0,0,1
0,38,1,0,0,0,0,0,1,0,0,1,0
2,6,0,1,0,0,0,0,0,1,0,1,0
4,25,1,0,0,0,1,0,0,1,0,0,1
2,44,0,0,1,0,1,0,1,0,0,1,0
0,112,0,0,0,0,0,0,1,0,0,0,1
3,2,0,0,1,0,0,0,1,0,0,1,0
4,31,1,0,0,0,1,0,1,0,0,0,1
7,18,0,1,0,0,1,0,0,0,0,0,1
1,14,0,0,0,0,0,0,1,0,0,0,0
0,14,0,0,0,0,1,0,1,0,0,0,0
0,97,0,0,1,0,0,0,0,0,1,0,1
0,96,0,1,0,0,0,0,0,0,1,0,1
0,98,0,0,0,1,0,0,0,0,1,0,1
3,75,0,0,1,0,0,0,0,1,0,0,0
0,56,0,1,0,0,1,0,1,0,0,0,1
0,87,0,0,1,0,0,0,0,0,1,0,1
1,68,0,0,0,0,0,0,0,1,0,1,0
3,105,0,1,0,0,1,0,0,0,0,0,1
3,37,0,0,1,0,1,0,1,0,0,0,0
5,38,0,1,0,0,0,0,0,0,0,0,0
0,9,0,1,0,0,0,0,0,0,1,0,1
3,9,0,0,1,0,1,0,1,0,0,0,1
0,104,0,0,0,0,0,0,1,0,0,0,1
1,40,0,0,1,0,1,0,1,0,0,0,1
2,30,1,0,0,0,1,0,1,0,0,0,0
1,27,1,0,0,0,1,0,1,0,0,1,0
0,6,1,0,0,0,1,0,1,0,0,0,1
4,114,0,0,0,0,1,0,0,0,0,0,1
0,36,0,0,0,0,1,1,0,0,0,0,1
0,27,0,1,0,0,0,0,0,0,1,0,1
0,9,0,0,1,0,1,0,0,0,1,0,1
0,13,0,1,0,0,0,0,0,0,0,0,1
0,98,0,0,1,0,1,0,0,1,0,1,0
1,3,0,0,1,0,1,0,0,0,0,0,1
1,42,0,0,0,1,0,1,0,0,0,0,1
0,17,0,0,1,0,0,0,0,0,0,0,1
4,32,0,0,1,0,1,0,1,0,0,0,0
0,23,0,0,0,0,0,0,0,0,0,0,1
0,1,0,1,0,0,0,0,0,0,1,0,1
1,31,1,0,0,0,0,0,0,0,0,0,1
0,70,0,0,0,1,1,0,1,0,0,0,1
2,12,0,0,0,0,0,0,1,0,0,0,1
0,13,0,0,1,0,0,0,0,0,0,0,1
0,148,1,0,0,0,0,0,0,0,0,0,1
0,74,0,0,0,0,1,1,0,0,0,0,1
1,5,0,0,0,1,0,0,0,0,0,0,1
0,133,0,0,1,0,1,0,0,0,0,0,1
1,72,0,1,0,0,0,0,1,0,0,0,1
0,37,0,0,0,0,0,0,1,0,0,0,0
0,59,0,0,0,1,1,0,0,0,1,0,1
0,120,0,0,0,0,0,0,1,0,0,0,1
0,90,0,0,0,0,1,0,1,0,0,0,1
1,94,0,0,0,1,0,0,0,0,0,0,1
0,60,0,0,0,1,0,0,0,0,0,0,1
0,84,0,0,1,0,1,0,0,0,1,0,1
0,21,0,1,0,0,1,0,0,0,1,0,1
0,35,0,0,1,0,1,1,0,0,0,0,1
4,27,0,0,0,0,1,1,0,0,0,0,1
0,23,0,0,1,0,0,0,0,0,1,0,1
0,33,1,0,0,0,0,0,0,0,1,0,1
0,66,0,0,0,0,0,0,1,0,0,0,1
0,3,0,0,0,1,1,0,0,0,0,0,1
0,26,1,0,0,0,0,0,0,0,0,0,1
0,91,0,0,1,0,1,1,0,0,0,0,1
0,85,0,0,0,1,1,0,0,0,0,0,1
0,79,0,0,0,0,1,0,0,0,1,0,1
0,128,0,0,0,0,1,1,0,0,0,0,1
0,58,1,0,0,0,0,0,0,0,1,0,1
0,86,0,0,0,0,1,0,1,0,0,0,1
0,14,0,1,0,0,0,0,1,0,0,0,1
1,48,0,1,0,0,0,0,1,0,0,1,0
1,45,0,1,0,0,0,1,0,0,0,0,1
0,6,0,1,0,0,0,0,1,0,0,0,1
0,22,0,1,0,0,1,1,0,0,0,0,1
0,7,0,1,0,0,1,0,1,0,0,0,1
0,4,0,0,1,0,0,0,1,0,0,0,1
1,79,0,1,0,0,1,0,1,0,0,1,0
0,21,0,0,1,0,1,0,1,0,0,0,1
0,9,0,0,0,1,0,1,0,0,0,0,1
3,43,0,0,1,0,1,0,1,0,0,0,1
5,118,0,0,0,0,0,0,1,0,0,1,0
4,18,0,0,0,0,1,1,0,0,0,0,1
0,10,0,0,1,0,0,0,0,0,0,0,1
4,41,0,0,1,0,1,1,0,0,0,0,1
4,19,0,0,1,0,1,1,0,0,0,0,1
0,17,0,1,0,0,1,0,1,0,0,0,1
0,109,0,0,0,0,1,0,0,0,0,1,0
0,6,0,0,0,1,1,1,0,0,0,0,1
1,36,0,0,0,1,0,1,0,0,0,0,1
0,3,1,0,0,0,1,0,0,0,1,0,1
0,7,0,0,0,1,0,0,0,0,0,0,1
0,114,0,0,1,0,1,0,1,0,0,0,1
0,84,0,0,1,0,1,0,0,0,0,0,1
0,91,1,0,0,0,1,0,0,0,0,0,1
0,47,0,0,0,0,1,0,0,0,0,0,0
0,82,0,1,0,0,0,1,0,0,0,0,1
0,5,1,0,0,0,0,0,1,0,0,0,1
1,131,1,0,0,0,1,1,0,0,0,0,1
1,65,0,0,1,0,0,0,0,0,0,0,1
0,55,0,0,0,0,0,1,0,0,0,0,1
0,71,1,0,0,0,1,0,0,0,0,0,1
8,97,1,0,0,0,1,0,0,0,0,0,1
1,102,0,0,1,0,1,1,0,0,0,0,1
0,73,0,1,0,0,1,0,0,0,0,0,1
0,67,0,0,1,0,1,0,0,1,0,0,1
5,68,0,0,1,0,0,1,0,0,0,0,1
0,84,0,1,0,0,0,0,0,0,1,0,1
0,73,0,0,0,0,1,0,0,0,1,0,1
